,slides,speaker,title,date,cohort,tag,subtag,recording
0,https://docs.google.com/presentation/d/1w_WWb7Mj7NgX4pLBejB4Vc_ofK7ZHOUYOT1MCeKVi20/edit?usp=sharing,malvikasharan,Welcome to OLS!,"January 29, 2020",ols-1,Not sorted,Not tagged,
1,https://docs.google.com/presentation/d/14LsolqKJdd1T7XMV8PK6yQrjjrz9VPFHRDtjrL_55Js/edit?usp=sharing,yochannah,Introducing Open Canvas,"January 29, 2020",ols-1,Not sorted,Not tagged,
2,https://docs.google.com/presentation/d/1IqvBjHlqXk8tkKj7nbp5pneQq19z6yuUq9Bkp3eTYPE/edit?usp=sharing,bebatut,Road Mapping,"January 29, 2020",ols-1,Not sorted,Not tagged,
3,https://docs.google.com/presentation/d/1ymSOc9vPnFJpU0FwFBqw25qhSmJVAv5scpi-N9KVopc/edit?usp=sharing,joshsimmons,A Primer on Open Licenses,"February 12, 2020",ols-1,Not sorted,Not tagged,
4,https://docs.google.com/presentation/d/1APGIvU1aZ_zNkLmC5SYlLXBh6LZK_Qe97-3C_3oXcFI/edit?usp=sharing,mkuzak,READMEs for Open Projects,"February 12, 2020",ols-1,Not sorted,Not tagged,
5,https://docs.google.com/presentation/d/1aLaDBwH64PCRtCLIftVkjBYT60ifWuIV7Im2t8BXN8Q/edit?usp=sharing,karinlag,Contributing Guidelines and Codes of Conduct for Open Projects,"February 12, 2020",ols-1,Not sorted,Not tagged,
6,https://docs.google.com/presentation/d/1C_RurOY1W__HLRbPTTzmdYT-qdTpuF2qi7leL4Hzdok/edit#slide=id.g7e28a7e96f_0_0,yochannah,Agile and iterative project management methods,"February 26, 2020",ols-1,Not sorted,Not tagged,https://youtu.be/hiLDGLfXa2s?t=165
7,https://docs.google.com/presentation/d/1JJWt0OtVWTMHbouXOF0w1QJsxwv-rUXiqHmkEx-A5B8/edit?usp=sharing,thessaly,Open Science Hardware,"February 26, 2020",ols-1,Not sorted,Not tagged,https://youtu.be/hiLDGLfXa2s?t=1141
8,https://ajstewartlang.github.io/talks/OLS_talk/assets/player/KeynoteDHTMLPlayer.html,ajstewartlang,Open Software in Research,"February 26, 2020",ols-1,Not sorted,Not tagged,https://youtu.be/hiLDGLfXa2s?t=2239
9,https://docs.google.com/presentation/d/e/2PACX-1vTm51ExlLfv1L_oI59D_9EZlBWf1UbSXmHVAIutII9Cs8AnGqLkH9meXGiwBajn-r_u297hdV7MdWCL/pub?start=false&loop=false&delayms=3000,lwinfree,Open Data,"February 26, 2020",ols-1,Not sorted,Not tagged,https://youtu.be/hiLDGLfXa2s?t=3848
10,https://www.slideshare.net/gedankenstuecke/2020-0311openlifesciences,gedankenstuecke,Citizen science using your own personal data,"March 11, 2020",ols-1,Not sorted,Not tagged,https://youtu.be/HaQyv48sMPY?t=891
11,https://docs.google.com/presentation/d/1T3Z51l8XIRtUQtSooZvUZzH60rFS-n73bDQwGwH639Y/edit?usp=sharing,kipkurui,Open Education and Training,"March 11, 2020",ols-1,Not sorted,Not tagged,https://youtu.be/HaQyv48sMPY?t=1879
12,https://f1000-my.sharepoint.com/:p:/g/personal/demitra_ellina_f1000_online/Ed5_RBaVrrlGmZzicLlHESsBzCy2eW52SzoNTE3VBkzEDQ?e=tLWn2E,demellina,Pre-print and open review,"March 11, 2020",ols-1,Not sorted,Not tagged,https://youtu.be/HaQyv48sMPY?t=2895
13,https://docs.google.com/presentation/d/13d3BgND53cviFRnuQpmWk5UtMYtpSDqpUu9jq4ykNrM/edit?usp=sharing,anita-broellochs,Open Protocols,"March 11, 2020",ols-1,Not sorted,Not tagged,https://youtu.be/HaQyv48sMPY?t=3708
14,https://docs.google.com/presentation/d/1yaLMBcU1awyFZpeOQC2_QYDwlN-Z_dJ2GXNYDAm2jA8/edit?usp=sharing,alexwlchan,Inclusion can't be an afterthought,"March 25, 2020",ols-1,Not sorted,Not tagged,
15,https://drive.google.com/open?id=1ipIUc1t6ogOpyK9gU_PPgD-UvW0Gs73pMIAdCLOG72Y,malvikasharan,Mountain of Engagement & Community Interactions,"March 25, 2020",ols-1,Not sorted,Not tagged,
16,https://docs.google.com/presentation/d/1-rdQipVmJ5lWelQ1oEbi86EbFwTpDh5TLeJ2TAg-oo4/edit?usp=sharing,kirstiejane,Using Personas and Pathways to Build Community,"March 25, 2020",ols-1,Not sorted,Not tagged,
17,https://docs.google.com/presentation/d/13FfUMZ-_jd1bUNyVXG_Rwk51GLOp8rsFHRMCRpXebBE/edit?usp=sharing,fpsom,Leadership in Academia,"April 01, 2020",ols-1,Not sorted,Not tagged,
18,https://docs.google.com/presentation/d/1Cx6XAxZMt3jlU8O8DM8fCYemjmzgHUd6Sx8-MI3kIz0/edit?usp=sharing,bduckles,Becoming a Post Academic ,"April 01, 2020",ols-1,Not sorted,Not tagged,
19,,jasonjwilliamsny,Leadership in training and education,"April 01, 2020",ols-1,Not sorted,Not tagged,
20,https://drive.google.com/open?id=18_gZqCMGDg2VvNOYM17k4vU9tcpXX7KlqKoXlCT1VkU,yochannah,Personal Ecology and Self Care ,"April 01, 2020",ols-1,Not sorted,Not tagged,
21,https://docs.google.com/presentation/d/1-eaxorHL76DGMjcpmTzVDqcO-4Wz-W4VBoOtJa2py3U/edit?usp=sharing,malvikasharan,Ally Skills,"April 01, 2020",ols-1,Not sorted,Not tagged,
22,,,Using project management skills during development stage,"April 04, 2022",ols-5,Not sorted,Not tagged,
23,https://docs.google.com/presentation/d/1s0uV2klFu8RyTCfpWIqL0lUjYlk6u_vx92v48nk-TU8/edit#slide=id.g6e991a6896_0_209,,Mentored contributions,"April 20, 2022",ols-5,Not sorted,Not tagged,
24,,,,"November 15, 2022",ols-6,Not sorted,Not tagged,
25,https://docs.google.com/presentation/d/1B-TiVAHx6OVririv88-H59_BlPwniS5xDnhZtoDU280/edit#slide=id.g6e457e6ac5_0_69,yochannah,Welcome to OLS!,"September 22, 2021",ols-4,Not sorted,Not tagged,
26,https://docs.google.com/presentation/d/10CkS3j8LZBULwpy6zzwO2GBHbNBBStD6v4jceuP1TDg/edit?usp=sharing,bebatut,Introducing Open Canvas,"September 22, 2021",ols-4,Not sorted,Not tagged,
27,https://docs.google.com/presentation/d/1ncWeisU45m5INf-xNBMHtM-GGPvZ6v0mPlrwOh6FY_I/edit?usp=sharing,emmyft,Introducing Road Mapping,"September 22, 2021",ols-4,Not sorted,Not tagged,
28,https://docs.google.com/presentation/d/1B-TiVAHx6OVririv88-H59_BlPwniS5xDnhZtoDU280/edit#slide=id.g6e457e6ac5_0_69,malvikasharan,Welcome to OLS!,"September 29, 2021",ols-4,Not sorted,Not tagged,
29,https://docs.google.com/presentation/d/10CkS3j8LZBULwpy6zzwO2GBHbNBBStD6v4jceuP1TDg/edit?usp=sharing,emmyft,Introducing Open Canvas,"September 29, 2021",ols-4,Not sorted,Not tagged,
30,https://docs.google.com/presentation/d/1ncWeisU45m5INf-xNBMHtM-GGPvZ6v0mPlrwOh6FY_I/edit?usp=sharing,yochannah,Introducing Road Mapping,"September 29, 2021",ols-4,Not sorted,Not tagged,
31,https://docs.google.com/presentation/d/1JX7IBxHBlMBd5xf3Qxu-ZbInqgIXA-Y0eulHJiv5dA0/edit?usp=sharing,kaythaney,Open Licensing,"October 06, 2021",ols-4,Not sorted,Not tagged,
32,https://docs.google.com/presentation/d/1CYTTEzAzSLUOR6-dwBfhZc5a753OJ2wfu2EXJvXBPkY/edit?usp=sharing,alexwlchan,README,"October 06, 2021",ols-4,Not sorted,Not tagged,
33,https://docs.google.com/presentation/d/1ko91U3CXbuFd3hiXRtrLxVtNcoMQgzvhAVeKId0dFZc/edit?usp=sharing,ekaroune,Contributing Guidelines and Code of Conduct,"October 06, 2021",ols-4,Not sorted,Not tagged,
34,https://docs.google.com/presentation/d/1qymN0F-kToQfFIPjXOrXe7lHPy_UB0Buew2kAI1WfWg/edit?usp=sharing,malvikasharan,Introduction to GitHub,"October 13, 2021",ols-4,Not sorted,Not tagged,
35,https://docs.google.com/presentation/d/1I_mQbmVHC1HHzqwyb8UvE3OYt4dALs4V/edit?usp=sharing&ouid=113525991197089671289&rtpof=true&sd=true,nick-barlow,Agile & Iterative Project Management Methods,"October 20, 2021",ols-4,Not sorted,Not tagged,https://youtu.be/kjhrrfF2fvM?t=2573
36,https://docs.google.com/presentation/d/1cfeNl3URWS-IOrG-gwfEzIsg1VN9JQepQhcP54xvAkY/edit?usp=sharing,samvanstroud,Open Source in Research,"October 20, 2021",ols-4,Not sorted,Not tagged,https://youtu.be/kjhrrfF2fvM?t=1463
37,https://doi.org/10.5281/zenodo.5582718,selgebali,Research data management,"October 20, 2021",ols-4,Not sorted,Not tagged,https://youtu.be/kjhrrfF2fvM?t=244
38,https://docs.google.com/presentation/d/e/2PACX-1vQBX5k9RiqQdh9Vjt4O07dUVKku4qI8UyE7Bhy9i0iJpEJETq4KbHeFhHmbv1IM5I0Z1qK-NQLlqNfX/pub?start=false&loop=false&delayms=3000,batoolmm,Using Personas and Pathways to Build Community,"November 03, 2021",ols-4,Not sorted,Not tagged,
39,https://docs.google.com/presentation/d/1-yxiApKB96HIeyLGl7m7uyNjcHW74VP-XV457B-Euw4/edit#slide=id.g459038e743_0_73,chadsansing,Mountain of Engagement,"November 03, 2021",ols-4,Not sorted,Not tagged,
40,https://docs.google.com/presentation/d/1s0uV2klFu8RyTCfpWIqL0lUjYlk6u_vx92v48nk-TU8/edit#slide=id.g6e991a6896_0_209,contraexemplo,Mentored contributions,"November 03, 2021",ols-4,Not sorted,Not tagged,
41,https://docs.google.com/presentation/d/1z8rPZbaxJCQaRvNMhy72sfq6xJcf9RSturrPQtugLGU/edit#slide=id.g6e991a6896_0_209,,Community interactions,"November 03, 2021",ols-4,Not sorted,Not tagged,
42,,,"Post-academia career path, Social entrepreneurship","November 10, 2021",ols-4,Not sorted,Not tagged,
43,,,"Academic leadership, group or project leaders","November 10, 2021",ols-4,Not sorted,Not tagged,
44,,,"Community building, Science Communication","November 10, 2021",ols-4,Not sorted,Not tagged,
45,,,"Policymakers, funders, meta-researchers","November 10, 2021",ols-4,Not sorted,Not tagged,
46,https://docs.google.com/presentation/d/1ThmPqDzvdNvThXK0Q0hlCiRX6rG3Ha5IDbvfyy4YuPw/edit#slide=id.g7e28a7e96f_0_146,,Getting started with preprints,"November 17, 2021",ols-4,Not sorted,Not tagged,https://youtu.be/SfGHnCedkwY?t=1862
47,https://github.com/Nikoleta-v3/talks/blob/master/talks/2021-11-17-Open-Life-Science/main.pdf,,Publishing & Citing Open Research Code,"November 17, 2021",ols-4,Not sorted,Not tagged,https://youtu.be/SfGHnCedkwY?t=3485
48,https://docs.google.com/presentation/d/1AaZETO7piGCfhJP9_UoQGFOWKD5LA5Pg7X0r7rlfkts/edit?usp=sharing,bebatut,"Usable, comprehensive, accessible, FAIR and empowering training - The case of the Galaxy Training Network","November 17, 2021",ols-4,Not sorted,Not tagged,https://youtu.be/SfGHnCedkwY?t=205
49,https://drive.google.com/file/d/1Xofpeq6TUGKVhJRounufGnW62q_lewP6/view?usp=sharing,,Inclusion is not an afterthought or (Unconscious bias: Does it really matter?),"December 01, 2021",ols-4,Not sorted,Not tagged,
50,https://docs.google.com/presentation/d/1aIdwn5Jc1OM5gW9h6GW69ZIDNA7W3s9806-i1gzhNp8/edit?usp=sharing,,Ally skills - Optional,"December 01, 2021",ols-4,Not sorted,Not tagged,
51,https://docs.google.com/presentation/d/1lL8XQlP_lpqEbjGOhnivXq9oiAgVNCq164qntp-2Wp4/edit#slide=id.g70ef43ea53_0_132,malvikasharan,Personal Ecology and Self Care,"December 08, 2021",ols-4,Not sorted,Not tagged,
52,https://docs.google.com/presentation/d/19jspjhFN2kb9H3S-4UEBb5q9aZt22eUdDdxfWWbb6CI/edit?usp=sharing,pherterich,The future of Open Science? DMPs and FAIR data,"December 15, 2021",ols-4,Not sorted,Not tagged,https://youtu.be/DbqsS1-ueqI?t=204
53,,yvanlebras,"Open / citizen sience, the only way to ","December 15, 2021",ols-4,Not sorted,Not tagged,https://youtu.be/DbqsS1-ueqI?t=1705
54,https://doi.org/10.5281/zenodo.5783459,,Software citation with the Citation File Format,"December 15, 2021",ols-4,Not sorted,Not tagged,https://youtu.be/DbqsS1-ueqI?t=3007
55,https://docs.google.com/presentation/d/1w_WWb7Mj7NgX4pLBejB4Vc_ofK7ZHOUYOT1MCeKVi20/present?token=AC4w5VjvHWSZBrOwwb1EcSm8v45lUi3nqQ%3A1599724146314&includes_info_params=1&eisi=CLPd6-uM3usCFdIWswUdsiINRA#slide=id.g6e457e6ac5_0_69,bebatut,Welcome to OLS!,"September 10, 2020",ols-2,Not sorted,Not tagged,
56,https://docs.google.com/presentation/d/14LsolqKJdd1T7XMV8PK6yQrjjrz9VPFHRDtjrL_55Js/edit?usp=sharing,yochannah,Introducing Open Canvas,"September 10, 2020",ols-2,Not sorted,Not tagged,
57,https://docs.google.com/presentation/d/1IqvBjHlqXk8tkKj7nbp5pneQq19z6yuUq9Bkp3eTYPE/edit?usp=sharing,,Road Mapping,"September 10, 2020",ols-2,Not sorted,Not tagged,
58,https://docs.google.com/presentation/d/1qep_rtGuiD7MXOul1KJrgjNYjYw_4WOvdpUO1tTUj1w/edit?usp=sharing,christinerogers,A Primer on Open Licenses,"September 24, 2020",ols-2,Not sorted,Not tagged,
59,https://docs.google.com/presentation/d/12nifeGLgbZWeq7D1EMjLZIvMieM4pEa522sQLQNnT2g/edit?usp=sharing,mkuzak,READMEs for Open Projects,"September 24, 2020",ols-2,Not sorted,Not tagged,
60,https://docs.google.com/presentation/d/196NOwvIx2A_cSOKE7YEyDvww7lehxBmef9O4B_FLodc/edit?usp=sharing,lwinfree,Contributing Guidelines and Codes of Conduct for Open Projects,"September 24, 2020",ols-2,Not sorted,Not tagged,
61,https://docs.google.com/presentation/d/1CWnHXZHFDYFTqE2KKgZ8R5i_46XqAqnjy12gYSDESxk/edit?usp=sharing,unode,Agile and iterative project management methods,"October 08, 2020",ols-2,Not sorted,Not tagged,https://youtu.be/fyz4gB4XPJk?t=410
62,https://docs.google.com/presentation/d/1uZuqgoJp67uRB6t0LCZJ06V8YYyff9-iqrv6zfqtOhk,anenadic,Open Source Software,"October 08, 2020",ols-2,Not sorted,Not tagged,https://youtu.be/fyz4gB4XPJk?t=1266
63,https://doi.org/10.6084/m9.figshare.13065308.v1,orchid00,Open Data,"October 08, 2020",ols-2,Not sorted,Not tagged,https://youtu.be/fyz4gB4XPJk?t=2304
64,,thessaly,"Open tools, for opening science","October 08, 2020",ols-2,Not sorted,Not tagged,https://www.youtube.com/watch?v=BtUNjoTr5eg
65,,lauracion,Open Education and Training - MetaDocencia Case Study,"October 22, 2020",ols-2,Not sorted,Not tagged,https://youtu.be/0BkHqudkjWg?t=929
66,https://bit.ly/OLS-AfricArXiv,babasaraki,Preprint in the Context of Open Science,"October 22, 2020",ols-2,Not sorted,Not tagged,https://youtu.be/0BkHqudkjWg?t=2064
67,https://docs.google.com/presentation/d/1_8Fp5DKh_XXwj34DwR-dzTvUCk1c0ynhy7MvmaHFFoA/edit?usp=sharing,ganleyemma,Open Protocols,"October 22, 2020",ols-2,Not sorted,Not tagged,https://youtu.be/0BkHqudkjWg?t=3557
68,,gedankenstuecke,Citizen Science,"October 22, 2020",ols-2,Not sorted,Not tagged,https://youtu.be/HaQyv48sMPY?t=860
69,https://docs.google.com/presentation/d/e/2PACX-1vSyGYllxLypVdHxfc7wTPQTFshsGpwDxXTgxlQWm19Zd959-GiD098DMOdcW0K0KGYyLefyPrdhFeHF/pub?start=false&loop=false&delayms=3000#slide=id.p,,Personal Ecology and Self Care,"October 29, 2020",ols-2,Not sorted,Not tagged,
70,https://docs.google.com/presentation/d/e/2PACX-1vSyGYllxLypVdHxfc7wTPQTFshsGpwDxXTgxlQWm19Zd959-GiD098DMOdcW0K0KGYyLefyPrdhFeHF/pub?start=false&loop=false&delayms=3000#slide=id.p,,Personal Ecology and Self Care,"October 29, 2020",ols-2,Not sorted,Not tagged,
71,https://docs.google.com/presentation/d/1ER_ZQ_Fe_PFWBPrP87dU6jRaPT2dlB4hCu-wGXJwnBA/edit?usp=sharing,proccaserra,FAIR Data: Insights and perspectives,"November 05, 2020",ols-2,Not sorted,Not tagged,https://youtu.be/ylqDx_ELfus?t=268
72,https://f1000research.com/slides/9-1294,burkemlou,Making training materials FAIR in 10 steps,"November 05, 2020",ols-2,Not sorted,Not tagged,https://youtu.be/ylqDx_ELfus?t=1108
73,https://drive.google.com/file/d/1LtG_gVhszVl13yohYuxTipaKnxV77cqP/view?usp=sharing,fpsom,FAIR Research Software,"November 05, 2020",ols-2,Not sorted,Not tagged,https://youtu.be/ylqDx_ELfus?t=2848
74,https://docs.google.com/presentation/d/1jeTk_PzsWpaR4DRmBrbrDGol2_drPEizp26o4d8jnnA/edit?usp=sharing,rainsworth,Community building,"November 19, 2020",ols-2,Not sorted,Not tagged,
75,https://docs.google.com/presentation/d/1RsvcKd_5uW-TtawLAOw6N95gOLO6MinN0I94dUIII8s/edit,natasha_wood,Navigating a career through academia and industry/start-up,"November 19, 2020",ols-2,Not sorted,Not tagged,
76,,ajstewartlang,Academia,"November 19, 2020",ols-2,Not sorted,Not tagged,
77,https://drive.google.com/file/d/1i1g9pxmkW8gr4f3S380NBJ6-k8GGVnrx/view?usp=sharing,ekin-bolukbasi,"Data Challenges Manager, Wellcome","November 19, 2020",ols-2,Not sorted,Not tagged,
78,https://alexwlchan.net/2020/03/inclusion-cant-be-an-afterthought/,alexwlchan,Inclusion not an afterthought,"December 3, 2020",ols-2,Not sorted,Not tagged,
79,https://docs.google.com/presentation/d/1NldyVwPU-_3lLCd8sZqWNeD3kKmF9VspTDzs58iKCk0/edit?usp=sharing,trallard,Community interactions and mountain of engagements,"December 3, 2020",ols-2,Not sorted,Not tagged,
80,https://docs.google.com/presentation/d/1zAjdIylwTfavFDhPDB9-ykmW_DB-zUnpFjJ7tiNexcw/edit,,Using Personas and Pathways to Build Community,"December 3, 2020",ols-2,Not sorted,Not tagged,
81,https://alexwlchan.net/2020/03/inclusion-cant-be-an-afterthought/,alexwlchan,Inclusion not an afterthought,"December 03, 2020",ols-2,Not sorted,Not tagged,
82,https://docs.google.com/presentation/d/1NldyVwPU-_3lLCd8sZqWNeD3kKmF9VspTDzs58iKCk0/edit?usp=sharing,trallard,Community interactions and mountain of engagements,"December 03, 2020",ols-2,Not sorted,Not tagged,
83,https://docs.google.com/presentation/d/1zAjdIylwTfavFDhPDB9-ykmW_DB-zUnpFjJ7tiNexcw/edit,benkrikler,Using Personas and Pathways to Build Community,"December 03, 2020",ols-2,Not sorted,Not tagged,
84,https://docs.google.com/presentation/d/e/2PACX-1vT_e2ngwmyjwApVc1CC-dUpSHSArCPsZQjw4oo-0USZFn1lw4OtwPB6LsTSAStocYGIScfgrq5Esea7/pub?start=false&loop=false&delayms=3000,malvikasharan,Welcome to OLS!,"February 17, 2021",ols-3,Not sorted,Not tagged,
85,https://docs.google.com/presentation/d/e/2PACX-1vR8j2NXWFyWKldK2OoTseN1t5YhLgeCG2OWNIjER5PKfnfGSdYQSjo8LeUCoYFyc3nZedBaNxc-aneH/pub?start=false&loop=false&delayms=3000,yochannah,Introducing Open Canvas,"February 17, 2021",ols-3,Not sorted,Not tagged,
86,https://docs.google.com/presentation/d/e/2PACX-1vRwCxOy-Xl240eB2j0xwuyA-1wPhQMiJV1nfQsbtsiGSUxPiuJZotZb91o23dtRS_RbYeyFHlq_z8XN/pub?start=false&loop=false&delayms=3000,emmyft,Road Mapping,"February 17, 2021",ols-3,Not sorted,Not tagged,
87,https://docs.google.com/presentation/d/1-Ns22S18_eP6VvEwMx6Mxo5cukFYVSG8W6kaZctyWpc/edit?usp=sharing,ha0ye,A Primer on Open Licenses,"March 03, 2021",ols-3,Not sorted,Not tagged,
88,https://docs.google.com/presentation/d/1APGIvU1aZ_zNkLmC5SYlLXBh6LZK_Qe97-3C_3oXcFI/edit?usp=sharing” with “https://docs.google.com/presentation/d/1K-to88_TV4UI7-ek2ph5PIsqEZcYEprT1KkEXysCWiA/edit?usp=sharing,c-martinez,README,"March 03, 2021",ols-3,Not sorted,Not tagged,
89,https://docs.google.com/presentation/d/e/2PACX-1vSohISYePu3i64JyoI3Lc_GRBTNuWT9x98uFd2HVI0zGQSODiNv03ZSGTcPZcm_cz38K-vhtRRzdhfI/pub?start=false&loop=false&delayms=3000,malvikasharan,Contributing Guidelines and Code of Conduct,"March 03, 2021",ols-3,Not sorted,Not tagged,
90,https://docs.google.com/presentation/d/1MQZS-Nh_mlUJ2JMxzAHAbqP8q1ny_Ktxx0GX0vaj2a4/edit#slide=id.g7e28a7e96f_0_0,unode,Agile and iterative project management methods,"March 17, 2021",ols-3,Not sorted,Not tagged,https://youtu.be/XkzCr3fiSCg?t=207
91,https://docs.google.com/presentation/d/19fZRMPzK2OrynrOdVzkq703j2fz6knAiFjn2JEPfmIQ/edit?usp=sharing,hexylena,Open Source in Research,"March 17, 2021",ols-3,Not sorted,Not tagged,https://youtu.be/XkzCr3fiSCg?t=1190
92,https://doi.org/10.5281/zenodo.4609017,estherplomp,Open Data,"March 17, 2021",ols-3,Not sorted,Not tagged,https://youtu.be/XkzCr3fiSCg?t=2182
93,https://docs.google.com/presentation/d/1p9y7hBmz-ky38JsosaSYi2LmB1fPD0IyIB_BnLAidmo/edit?usp=sharing,amchagas,Open Source/Science Hardware,"March 17, 2021",ols-3,Not sorted,Not tagged,https://youtu.be/XkzCr3fiSCg?t=3593
94,https://docs.google.com/presentation/d/18g_OfcwiUmX-vZnshM0mfs8xutOkeF3iA-RSaTpJs0Y/edit#slide=id.g7e28a7e96f_0_0,iratxepuebla,Let's talk #preprint,"March 31, 2021",ols-3,Not sorted,Not tagged,https://youtu.be/Vizk7fni5Eo?t=710
95,https://docs.google.com/presentation/d/1lrodEXOSuh_01-EuLOi5hyZmDJ7xJBQaQ4iF3Ylvlyo/edit?usp=sharing,lenny-teytelman,Open Protocols,"March 31, 2021",ols-3,Not sorted,Not tagged,https://youtu.be/Vizk7fni5Eo?t=2287
96,https://zenodo.org/record/4651431,georgiahca,Participatory Citizen Science,"March 31, 2021",ols-3,Not sorted,Not tagged,https://youtu.be/Vizk7fni5Eo?t=3792
97,https://docs.google.com/presentation/d/1lL8XQlP_lpqEbjGOhnivXq9oiAgVNCq164qntp-2Wp4/edit#slide=id.g70ef43ea53_0_132,emmyft,Personal Ecology and Self Care,"April 07, 2021",ols-3,Not sorted,Not tagged,
98,https://docs.google.com/presentation/d/1lL8XQlP_lpqEbjGOhnivXq9oiAgVNCq164qntp-2Wp4/edit#slide=id.g70ef43ea53_0_132,emmyft,Personal Ecology and Self Care,"April 07, 2021",ols-3,Not sorted,Not tagged,
99,https://docs.google.com/presentation/d/1p-hNZTifBNHo_gbFPQlUW6YmLKIGH1jWJnWXIGoWQYs/edit#slide=id.p,emma-anne-harris,FAIR data,"April 14, 2021",ols-3,Not sorted,Not tagged,https://youtu.be/j-rPaiojNFk?t=206
100,https://docs.google.com/presentation/d/1MPxp0Y3qN6H35QNMrtcXOXkRhtx6Tbo89-GiBsrBkaA/edit#slide=id.g7e28a7e96f_0_60,alexholinski,FAIR training,"April 14, 2021",ols-3,Not sorted,Not tagged,https://youtu.be/j-rPaiojNFk?t=1380
101,https://doi.org/10.6084/m9.figshare.14410751.v1,npch,Good enough practices for FAIR software,"April 14, 2021",ols-3,Not sorted,Not tagged,https://youtu.be/j-rPaiojNFk?t=2915
102,,sdopoku,Social entrepreneurship,"April 28, 2021",ols-3,Not sorted,Not tagged,
103,,,Open Lab and Makers movement,"April 28, 2021",ols-3,Not sorted,Not tagged,
104,,,Journal and public relations,"April 28, 2021",ols-3,Not sorted,Not tagged,
105,,natalie-banner,Talking about data in trustworthy ways,"April 28, 2021",ols-3,Not sorted,Not tagged,
106,https://drive.google.com/file/d/1Xofpeq6TUGKVhJRounufGnW62q_lewP6/view?usp=sharing,rowland-mosbergen,Inclusion is not an afterthought or (Unconscious bias: Does it really matter?),"May 12, 2021",ols-3,Not sorted,Not tagged,
107,https://docs.google.com/presentation/d/e/2PACX-1vQBX5k9RiqQdh9Vjt4O07dUVKku4qI8UyE7Bhy9i0iJpEJETq4KbHeFhHmbv1IM5I0Z1qK-NQLlqNfX/pub?start=false&loop=false&delayms=3000,anelda,Personas & Pathways,"May 12, 2021",ols-3,Not sorted,Not tagged,
108,https://docs.google.com/presentation/d/1-yxiApKB96HIeyLGl7m7uyNjcHW74VP-XV457B-Euw4/edit#slide=id.g459038e743_0_73,emmyft,Mountain of Engagement,"May 12, 2021",ols-3,Not sorted,Not tagged,
109,https://docs.google.com/presentation/d/1s0uV2klFu8RyTCfpWIqL0lUjYlk6u_vx92v48nk-TU8/edit#slide=id.g6e991a6896_0_209,bebatut,Welcoming new contributions to your project,"May 12, 2021",ols-3,Not sorted,Not tagged,
110,https://docs.google.com/presentation/d/1z8rPZbaxJCQaRvNMhy72sfq6xJcf9RSturrPQtugLGU/edit#slide=id.g6e991a6896_0_209,yochannah,Community interactions,"May 12, 2021",ols-3,Not sorted,Not tagged,
111,,,Mentored contributions,"April 19, 2023",ols-7,Not sorted,Not tagged,
112,,,Community interactions,"April 19, 2023",ols-7,Not sorted,Not tagged,
113,,,,"May 02, 2023",ols-7,Not sorted,Not tagged,
114,,,,"May 02, 2023",ols-7,Not sorted,Not tagged,
115,,,,"May 02, 2023",ols-7,Not sorted,Not tagged,
116,,,,"May 02, 2023",ols-7,Not sorted,Not tagged,
117,,,,"May 17, 2023",ols-7,Not sorted,Not tagged,
118,,,,"May 17, 2023",ols-7,Not sorted,Not tagged,
119,,,,"May 17, 2023",ols-7,Not sorted,Not tagged,
120,https://docs.google.com/presentation/d/1B-TiVAHx6OVririv88-H59_BlPwniS5xDnhZtoDU280/edit#slide=id.g6e457e6ac5_0_69,,Welcome to OLS!,"March 07, 2022",ols-5,Open Life Science,OLS Introduction,
121,https://docs.google.com/presentation/d/1B-TiVAHx6OVririv88-H59_BlPwniS5xDnhZtoDU280/edit#slide=id.g6e457e6ac5_0_69,,Welcome to OLS!,"March 16, 2022",ols-5,Open Life Science,OLS Introduction,
122,https://docs.google.com/presentation/d/1huJSmgaQMqB3go3XUcw_H61p6my0gkZE/edit#slide=id.p2,yochannah,Welcome to OLS!,"September 27, 2022",ols-6,Open Life Science,OLS Introduction,
123,https://docs.google.com/presentation/d/1huJSmgaQMqB3go3XUcw_H61p6my0gkZE/edit#slide=id.p2,yochannah,Welcome to OLS!,"October 05, 2022",ols-6,Open Life Science,OLS Introduction,
124,https://docs.google.com/presentation/d/16M5R6YhvAeK0-old_hV9RjrshdA0sdJPgZBRO_MyRLA/edit?usp=sharing,emmyft,Welcome to OLS!,"March 07, 2023",ols-7,Open Life Science,OLS Introduction,https://youtu.be/05w7h9T3GhQ?t=1096
125,https://docs.google.com/presentation/d/1B-TiVAHx6OVririv88-H59_BlPwniS5xDnhZtoDU280/edit#slide=id.g6e457e6ac5_0_69,yochannah,Welcome to OLS!,"March 15, 2023",ols-7,Open Life Science,OLS Introduction,https://youtu.be/XulHUHQru2I?t=1124
126,https://docs.google.com/presentation/d/10CkS3j8LZBULwpy6zzwO2GBHbNBBStD6v4jceuP1TDg/edit?usp=sharing,,Introducing Open Canvas,"March 07, 2022",ols-5,Tooling for Project Design,Open Canvas,
127,https://docs.google.com/presentation/d/10CkS3j8LZBULwpy6zzwO2GBHbNBBStD6v4jceuP1TDg/edit?usp=sharing,,Introducing Open Canvas,"March 16, 2022",ols-5,Tooling for Project Design,Open Canvas,
128,https://docs.google.com/presentation/d/18YFRfG6zmoOcpGFH_H2tl6HziY7dWQ0u/edit#slide=id.p19,yochannah,Introducing Open Canvas,"September 27, 2022",ols-6,Tooling for Project Design,Open Canvas,
129,https://docs.google.com/presentation/d/18YFRfG6zmoOcpGFH_H2tl6HziY7dWQ0u/edit#slide=id.p19,malvikasharan,Introducing Open Canvas,"October 05, 2022",ols-6,Tooling for Project Design,Open Canvas,
130,https://docs.google.com/presentation/d/1gmVQqDxxbGMqBqVbRRoeBx2nDSMkfUU2g3wGw82-mqs/edit?usp=sharing,bebatut,Introducing Open Canvas,"March 07, 2023",ols-7,Tooling for Project Design,Open Canvas,https://youtu.be/05w7h9T3GhQ?t=2325
131,https://docs.google.com/presentation/d/1gmVQqDxxbGMqBqVbRRoeBx2nDSMkfUU2g3wGw82-mqs/edit?usp=sharing,malvikasharan,Introducing Open Canvas,"March 15, 2023",ols-7,Tooling for Project Design,Open Canvas,https://youtu.be/XulHUHQru2I
132,https://docs.google.com/presentation/d/1ncWeisU45m5INf-xNBMHtM-GGPvZ6v0mPlrwOh6FY_I/edit?usp=sharing,,Introducing Road Mapping,"March 07, 2022",ols-5,Tooling for Project Design,Road Mapping,
133,https://docs.google.com/presentation/d/1ncWeisU45m5INf-xNBMHtM-GGPvZ6v0mPlrwOh6FY_I/edit?usp=sharing,,Introducing Road Mapping,"March 16, 2022",ols-5,Tooling for Project Design,Road Mapping,
134,https://docs.google.com/presentation/d/1ZwsxOkiik6QnJtwt5BU42_Uu9u1TbnJC/edit#slide=id.p1,yochannah,Introducing Road Mapping,"September 27, 2022",ols-6,Tooling for Project Design,Road Mapping,
135,https://docs.google.com/presentation/d/1ZwsxOkiik6QnJtwt5BU42_Uu9u1TbnJC/edit#slide=id.p1,,Introducing Road Mapping,"October 05, 2022",ols-6,Tooling for Project Design,Road Mapping,
136,https://docs.google.com/presentation/d/1xpVo-66m0mWs8_ZFGuHQwPBTT-vkfBRXwr6WJEb5QRw/edit?usp=sharing,bebatut,Introducing Road Mapping,"March 07, 2023",ols-7,Tooling for Project Design,Road Mapping,https://youtu.be/05w7h9T3GhQ?t=3144
137,https://docs.google.com/presentation/d/1ncWeisU45m5INf-xNBMHtM-GGPvZ6v0mPlrwOh6FY_I/edit?usp=sharing,pazbc,Introducing Road Mapping,"March 15, 2023",ols-7,Tooling for Project Design,Road Mapping,https://youtu.be/XulHUHQru2I?t=2885
138,,,Project Structure,"March 23, 2022",ols-5,Tooling for Collaboration,Project Structure,
139,,,Project Structure,"March 22, 2023",ols-7,Tooling for Collaboration,Project Structure,
140,https://docs.google.com/presentation/d/1JX7IBxHBlMBd5xf3Qxu-ZbInqgIXA-Y0eulHJiv5dA0/edit?usp=sharing,ha0ye,Open Licensing,"March 23, 2022",ols-5,Tooling for Collaboration,Open Licensing,
141,https://docs.google.com/presentation/d/1YGZVJhEuvuv1YKEVH_DW8aCVnwqCoBRC/edit#slide=id.p1,contraexemplo,Open Licensing,"October 12, 2022",ols-6,Tooling for Collaboration,Open Licensing,
142,https://docs.google.com/presentation/d/1-Ns22S18_eP6VvEwMx6Mxo5cukFYVSG8W6kaZctyWpc/edit?usp=sharing,ha0ye,Open Licensing,"March 22, 2023",ols-7,Tooling for Collaboration,Open Licensing,https://youtu.be/DG3La_p22N0
143,https://docs.google.com/presentation/d/1CYTTEzAzSLUOR6-dwBfhZc5a753OJ2wfu2EXJvXBPkY/edit?usp=sharing,rgaiacs,README,"March 23, 2022",ols-5,Tooling for Collaboration,README,
144,https://docs.google.com/presentation/d/1Sh_9lEJ50HtWecB_Zaews-3Shah4TFld/edit?usp=drive_web&ouid=113583685317579296794&rtpof=true,mxrtinez,README,"October 12, 2022",ols-6,Tooling for Collaboration,README,
145,https://docs.google.com/presentation/d/1V2-6PbJiPOYGBGsHJbKj9Y49iPHsHnAIKnhCuV40U3I/edit#slide=id.g2224fafcba8_0_37,,README & contributing,"March 22, 2023",ols-7,Tooling for Collaboration,README,https://youtu.be/DG3La_p22N0
146,https://docs.google.com/presentation/d/1ko91U3CXbuFd3hiXRtrLxVtNcoMQgzvhAVeKId0dFZc/edit?usp=sharing,dsarahstamps,Contributing Guidelines and Code of Conduct,"March 23, 2022",ols-5,Tooling for Collaboration,Code of Conduct,
147,https://docs.google.com/presentation/d/1hN_aYQT_uL3CczvB-62MSlhPa8Opnukh/edit#slide=id.p2,sayalaruano,Contributing Guidelines and Code of Conduct,"October 12, 2022",ols-6,Tooling for Collaboration,Code of Conduct,
148,https://docs.google.com/presentation/d/1-Ns22S18_eP6VvEwMx6Mxo5cukFYVSG8W6kaZctyWpc/edit?usp=sharing,andreasancheztapia,Code of Conduct,"March 22, 2023",ols-7,Tooling for Collaboration,Code of Conduct,https://youtu.be/DG3La_p22N0
149,https://docs.google.com/presentation/d/1qymN0F-kToQfFIPjXOrXe7lHPy_UB0Buew2kAI1WfWg/edit?usp=sharing,,Introduction to GitHub,"March 28, 2022",ols-5,Tooling for Collaboration,GitHub Introduction,
150,https://docs.google.com/presentation/d/1a14DBUdW2LOAtlNv181gZ_KTc_W_xAqy/edit#slide=id.p1,pherterich,Introduction to GitHub,"October 18, 2022",ols-6,Tooling for Collaboration,GitHub Introduction,
151,https://docs.google.com/presentation/d/1qymN0F-kToQfFIPjXOrXe7lHPy_UB0Buew2kAI1WfWg/edit#slide=id.g6e56d02ad9_0_0,,Introduction to GitHub,"March 28, 2023",ols-7,Tooling for Collaboration,GitHub Introduction,https://youtu.be/hXRw33CbDJk
152,https://docs.google.com/presentation/d/1p_r-mgcOWJD34Tc4V_dgkksmoPjUsILHecSdQuxwyQE/edit?usp=sharing,jywarren,Hardware and inclusive structures for collaborative work,"November 09, 2022",ols-6,Tooling for Collaboration,Structures for Collaborative Work,
153,https://drive.google.com/file/d/1w8AUnsbwSpqfEK0YxKmSZGIeIlEbppSN/view?usp=share_link,gemmaturon,"Code style, testing","November 30, 2022",ols-6,Tooling for Collaboration,Good Coding Practices,
154,,,"Code style, testing","May 10, 2023",ols-7,Tooling for Collaboration,Good Coding Practices,
155,,graciellehigino,Code-review,"November 30, 2022",ols-6,Tooling for Collaboration,Code Review,
156,,,Code-review,"May 10, 2023",ols-7,Tooling for Collaboration,Code Review,
157,https://docs.google.com/presentation/d/12hqzyIdYqSKnFokcTT2i8QhO74vcx7OkluUdiRd_ah8/edit?usp=share_link,ha0ye,Package management,"November 30, 2022",ols-6,Tooling for Collaboration,Package Management,
158,,,Package management,"May 10, 2023",ols-7,Tooling for Collaboration,Package Management,
159,https://docs.google.com/presentation/d/1UhSKnz0deqsgzEHYdJGfFlOEN64_BIZ2GRjY6fKk44Y/edit?usp=sharing,unode,Agile & Iterative Project Management Methods,"April 04, 2022",ols-5,"Project, Community & Personal Management",Agile & Iteractive Project Management,https://youtu.be/yCCNZH9JS-0?t=2361
160,https://docs.google.com/presentation/d/12pcWhXgmYwuAXo_h--lIFEqGgJoGmXcprguTKg8obLA/edit#slide=id.g6e56d0296c_0_0,alexwlchan,Agile & Iterative Project Management Methods,"October 25, 2022",ols-6,"Project, Community & Personal Management",Agile & Iteractive Project Management,https://youtu.be/AggJQTgsaaU?t=2695
161,https://docs.google.com/presentation/d/e/2PACX-1vQBX5k9RiqQdh9Vjt4O07dUVKku4qI8UyE7Bhy9i0iJpEJETq4KbHeFhHmbv1IM5I0Z1qK-NQLlqNfX/pub?start=false&loop=false&delayms=3000,anelda,Using Personas and Pathways to Build Community,"April 20, 2022",ols-5,"Project, Community & Personal Management",Community Design for Inclusivity,
162,https://docs.google.com/presentation/d/1_0LMMqMrcDh9IfGOv45jXNkxPku3mdehcb51QjVaTCI/present,melibleq,"Personas, community design for inclusivity","November 09, 2022",ols-6,"Project, Community & Personal Management",Community Design for Inclusivity,
163,,,Using Personas and Pathways to Build Community,"April 19, 2023",ols-7,"Project, Community & Personal Management",Community Design for Inclusivity,
164,https://docs.google.com/presentation/d/1-yxiApKB96HIeyLGl7m7uyNjcHW74VP-XV457B-Euw4/edit#slide=id.g459038e743_0_73,chadsansing,Mountain of Engagement,"April 20, 2022",ols-5,"Project, Community & Personal Management",Mountain of Engagement,
165,https://docs.google.com/presentation/d/1ZmgEnKaED_4Nc9H_UhXC1G3J61qOcjAcuN7Un_RxxWo/edit#slide=id.gf6411d1bc9_1_1,chadsansing,Mountain of Engagement,"November 09, 2022",ols-6,"Project, Community & Personal Management",Mountain of Engagement,
166,,,Mountain of Engagement,"April 19, 2023",ols-7,"Project, Community & Personal Management",Mountain of Engagement,
167,https://docs.google.com/presentation/d/1z8rPZbaxJCQaRvNMhy72sfq6xJcf9RSturrPQtugLGU/edit#slide=id.g6e991a6896_0_209,,Community interactions,"April 20, 2022",ols-5,"Project, Community & Personal Management",Community Interactions,
168,https://drive.google.com/file/d/1Xofpeq6TUGKVhJRounufGnW62q_lewP6/view?usp=sharing,rowland-mosbergen,Inclusion is not an afterthought or (Unconscious bias: Does it really matter?),"May 18, 2022",ols-5,"Project, Community & Personal Management",Diversity & Inclusion,
169,https://docs.google.com/presentation/d/1Kf6Xw0pZr34JAYp1D48PdLxZKMfI2O_NLZ2SHyrMrl0/edit?usp=sharing,pivg,Diversity and Inclusion,"December 07, 2022",ols-6,"Project, Community & Personal Management",Diversity & Inclusion,
170,,,Inclusion is not an afterthought or (Unconscious bias: Does it really matter?),"May 30, 2023",ols-7,"Project, Community & Personal Management",Diversity & Inclusion,
171,https://docs.google.com/presentation/d/1aIdwn5Jc1OM5gW9h6GW69ZIDNA7W3s9806-i1gzhNp8/edit?usp=sharing,,Ally skills - Optional,"May 18, 2022",ols-5,"Project, Community & Personal Management",Ally Skills,
172,https://docs.google.com/presentation/d/1aIdwn5Jc1OM5gW9h6GW69ZIDNA7W3s9806-i1gzhNp8/edit?usp=sharing,,Ally skills,"December 07, 2022",ols-6,"Project, Community & Personal Management",Ally Skills,
173,,,Ally skills - Optional,"May 30, 2023",ols-7,"Project, Community & Personal Management",Ally Skills,
174,https://docs.google.com/presentation/d/1lL8XQlP_lpqEbjGOhnivXq9oiAgVNCq164qntp-2Wp4/edit#slide=id.g70ef43ea53_0_132,,Personal Ecology and Self Care,"May 23, 2022",ols-5,"Project, Community & Personal Management",Personal Ecology,
175,https://drive.google.com/file/d/1wtX0_5ZMO03dsoFliWyWSgbnTCkjpjY2/view?usp=share_link,wingram,Personal Ecology and Self Care,"December 13, 2022",ols-6,"Project, Community & Personal Management",Personal Ecology,
176,,,Personal Ecology and Self Care,"May 23, 2023",ols-7,"Project, Community & Personal Management",Personal Ecology,
177,https://tinyurl.com/59754uzx,ajstewartlang,Open Source Software in Research,"April 04, 2022",ols-5,Open Science,Open Source Software,https://youtu.be/yCCNZH9JS-0?t=1390
178,,,Steps towards FAIRer and more citable software,"May 30, 2022",ols-5,Open Science,Open Source Software,
179,https://2022-10-25-lpc-oss.netlify.app/#8,luispedro,Make a robust tool requires real-world usage,"October 25, 2022",ols-6,Open Science,Open Source Software,https://youtu.be/AggJQTgsaaU?t=1281
180,https://docs.google.com/presentation/d/e/2PACX-1vQ__5JVOhFNoKufqIPflvEfUE1Vuxi9Euj975yCI14nJfeeyansg1RpuIteyTtmlQCyfacWTwB_QZ3N/pub?start=false&loop=false&delayms=3000#slide=id.p,lwinfree,Open Data in the Life Science,"April 04, 2022",ols-5,Open Science,Open Data,https://youtu.be/yCCNZH9JS-0?t=257
181,https://docs.google.com/presentation/d/147I53rNPEMHqixXPDc6vt0Eg9O9mIPBQ/edit?usp=drive_web&ouid=113583685317579296794&rtpof=true,sapetti9,Managing & developing research data (RDM),"October 25, 2022",ols-6,Open Science,Open Data,https://youtu.be/AggJQTgsaaU?t=3717
182,https://docs.google.com/presentation/d/14wVZJauH4wT4GBJwz4gCA2AeV6kTPTRZRW1ZMhnJ2Yk/edit,malloryfreeberg,"FAIR Principles
Promoting openness in science","November 22, 2022",ols-6,Open Science,Open Data,https://youtu.be/HKsK9CCcQYU?t=196
183,https://osf.io/w3v7j,bethaniley,Applying FAIR principles to (open) data management,"December 20, 2022",ols-6,Open Science,Open Data,https://youtu.be/I1Jks2PE0ME?t=595
184,https://docs.google.com/presentation/d/18g_OfcwiUmX-vZnshM0mfs8xutOkeF3iA-RSaTpJs0Y/edit#slide=id.g7e28a7e96f_0_0,,"Open access, Preprints","May 02, 2022",ols-5,Open Science,Open Access Publication,https://youtu.be/TqzM6cAeBoI?t=3508
185,https://docs.google.com/presentation/d/1lwPYHKFaH221S-Y8T8tk1phJpk7fsPA64kn3TfaGWHQ/edit#slide=id.g7e28a7e96f_0_0,dasaptaerwin,"(Earthquake), preprints, and everything in between","November 22, 2022",ols-6,Open Science,Open Access Publication,https://youtu.be/HKsK9CCcQYU?t=2156
186,https://docs.google.com/presentation/d/1lrodEXOSuh_01-EuLOi5hyZmDJ7xJBQaQ4iF3Ylvlyo/edit?usp=sharing,,Persistent identifiers and discoverability ,"May 02, 2022",ols-5,Open Science,Open Science Infrastructures,https://youtu.be/TqzM6cAeBoI?t=206
187,https://docs.google.com/presentation/d/1c5r83gUCdg_2_sS5LAB-7NLQccYfeN6OmkUSj_WFwGs/edit?usp=sharing,,Nigerian Open Science Highlights,"April 04, 2023",ols-7,Open Science,Open Science Infrastructures,
188,https://docs.google.com/presentation/d/18r-Zpec769BwP4TUAfG_ChGsOrdnU7Ber9ofjbLdwS8/edit?usp=sharing,pivg,Open training in low and middle income settings ,"May 02, 2022",ols-5,Open Science,Open Educational Resources,https://youtu.be/TqzM6cAeBoI?t=2308
189,,,"Public engagement: Open Infrastructure, Citizen Science, Science Communication","May 30, 2022",ols-5,Open Science,Open Engagement of Social Actors,https://youtu.be/rUusShaYC4o?t=460
190,https://www.canva.com/design/DAFR7veE-rw/C_LmTG_0lzCxAYcSM-QZhQ/view?utm_content=DAFR7veE-rw&utm_campaign=designshare&utm_medium=link2&utm_source=sharebutton,marcoanteghini,"Public engagement: Open Infrastructure, Citizen Science, Science Communication","December 20, 2022",ols-6,Open Science,Open Engagement of Social Actors,https://youtu.be/I1Jks2PE0ME?t=2130
191,,phaarouknucleus,Open engagement of social actors,"April 04, 2023",ols-7,Open Science,Open Engagement of Social Actors,
192,https://docs.google.com/presentation/d/1SJJjYujbAjRUgrjbT7ZSofqp4tgZ5eNf5wPMqHRfmn4/edit#slide=id.g175a0ec481e_1_88,pazbc,Open science hardware,"October 25, 2022",ols-6,Open Science,Open Hardware,
193,https://docs.google.com/presentation/d/1eKRgozsGmJvjPELyP4KMgrgHchp7o58YowC5RkgLNd4/edit?usp=sharing,yochannah,Open Science,"April 04, 2023",ols-7,Open Science,Open Science,
194,https://drive.google.com/file/d/1BQ641IWIKjgC33ltqdAkEaxUkGljh3eL/view?usp=share_link,,Open Evaluation in JOSS - Journal of Open Source Software,"April 04, 2023",ols-7,Open Science,Open Evaluation,
195,,msundukova,"Post-academia career path, Social entrepreneurship","April 25, 2022",ols-5,Open Leadership,Open Leadership,
196,,jasonjwilliamsny,"Academic leadership, group or project leaders","April 25, 2022",ols-5,Open Leadership,Open Leadership,
197,,melissawm,"Community building, Science Communication","April 25, 2022",ols-5,Open Leadership,Open Leadership,
198,,honoluluskye,"Policymakers, funders, meta-researchers","April 25, 2022",ols-5,Open Leadership,Open Leadership,
199,,olya-vvedenskaya,"Post-academia career path, Social entrepreneurship","November 15, 2022",ols-6,Open Leadership,Open Leadership,
200,https://docs.google.com/presentation/d/1a9OlvL9AY8EMbZm3JPg6dESfbqIdVudpA1IbnznzG2M/edit#slide=id.g7e28a7e96f_0_0,jafsia,"Academic leadership, group or project leaders","November 15, 2022",ols-6,Open Leadership,Open Leadership,
201,https://docs.google.com/presentation/d/1MzbVKP8zcKC-SRJlpXUwFOHxl1OxssZO_lq4sKghzLo/edit?usp=sharing,danielagduca,Open secrets to finding your path,"November 15, 2022",ols-6,Open Leadership,Open Leadership,
202,,,"Post-academia career path, Social entrepreneurship","April 25, 2023",ols-7,Open Leadership,Open Leadership,
203,,,"Academic leadership, group or project leaders","April 25, 2023",ols-7,Open Leadership,Open Leadership,
204,,,"Community building, Science Communication","April 25, 2023",ols-7,Open Leadership,Open Leadership,
205,,,"Policymakers, funders, meta-researchers","April 25, 2023",ols-7,Open Leadership,Open Leadership,
