,id,country,country-alpha_3,city,longitude,latitude,cohort,role
0,0sahene,Ghana,GHA,Tamale,-0.8423986,9.4051992,5,participant
1,0x174,United States,USA,Boston,-71.060511,42.3554334,3,participant
2,4iro,Argentina,ARG,"Rancagua, Provincia De Buenos Aires",-60.5045833,-34.0299629,7,participant
3,aath0,Switzerland,CHE,,,,1,expert
4,aath0,Switzerland,CHE,,,,2,expert
5,abdulelahsm,Saudi Arabia,SAU,Dammam,50.1039991,26.4367824,3,participant
6,abraham-dabengwa,South Africa,ZAF,Johannesburg,28.049722,-26.205,5,participant
7,abretaud,France,FRA,Rennes,-1.6800198,48.1113387,4,mentor
8,acocac,United Kingdom,GBR,London,-0.12765,51.5073359,4,participant
9,acocac,United Kingdom,GBR,London,-0.12765,51.5073359,5,mentor
10,adam-gristwood,Germany,DEU,Heidelberg,8.694724,49.4093582,3,expert
11,afzal442,India,IND,,,,3,participant
12,agbeltran,United Kingdom,GBR,,,,2,expert
13,agossoubido2021,Benin,BEN,Abomey Calavi,2.3303076367454025,6.51096225,5,participant
14,aida-turing,United Kingdom,GBR,London,-0.12765,51.5073359,3,participant
15,aidanbudd,Germany,DEU,Heidelberg,8.694724,49.4093582,1,expert
16,aidanbudd,Germany,DEU,Heidelberg,8.694724,49.4093582,1,mentor
17,aidanbudd,Germany,DEU,Heidelberg,8.694724,49.4093582,2,expert
18,aidanbudd,Germany,DEU,Heidelberg,8.694724,49.4093582,2,mentor
19,aidanbudd,Germany,DEU,Heidelberg,8.694724,49.4093582,3,expert
20,ailís-o'carroll,Ireland,IRL,,,,7,mentor
21,ajstewartlang,United Kingdom,GBR,Manchester,-2.2451148,53.4794892,1,expert
22,ajstewartlang,United Kingdom,GBR,Manchester,-2.2451148,53.4794892,1,mentor
23,ajstewartlang,United Kingdom,GBR,Manchester,-2.2451148,53.4794892,1,speaker
24,ajstewartlang,United Kingdom,GBR,Manchester,-2.2451148,53.4794892,2,expert
25,ajstewartlang,United Kingdom,GBR,Manchester,-2.2451148,53.4794892,2,mentor
26,ajstewartlang,United Kingdom,GBR,Manchester,-2.2451148,53.4794892,2,speaker
27,ajstewartlang,United Kingdom,GBR,Manchester,-2.2451148,53.4794892,4,expert
28,ajstewartlang,United Kingdom,GBR,Manchester,-2.2451148,53.4794892,5,speaker
29,akalikadien,Netherlands,NLD,Delft,4.362724538543995,51.999457199999995,5,participant
30,aldenc,United Kingdom,GBR,London,-0.12765,51.5073359,6,participant
31,alecandian,Netherlands,NLD,,,,5,participant
32,alecandian,Netherlands,NLD,,,,6,expert
33,alecandian,Netherlands,NLD,,,,6,mentor
34,aleesteele,United Kingdom,GBR,London,-0.12765,51.5073359,5,participant
35,aleesteele,United Kingdom,GBR,London,-0.12765,51.5073359,6,expert
36,aleesteele,United Kingdom,GBR,London,-0.12765,51.5073359,6,mentor
37,alexholinski,United Kingdom,GBR,,,,3,expert
38,alexholinski,United Kingdom,GBR,,,,3,speaker
39,alexholinski,United Kingdom,GBR,,,,4,expert
40,alexholinski,United Kingdom,GBR,,,,4,mentor
41,alexholinski,United Kingdom,GBR,,,,5,expert
42,alexwlchan,United Kingdom,GBR,,,,1,speaker
43,alexwlchan,United Kingdom,GBR,,,,2,expert
44,alexwlchan,United Kingdom,GBR,,,,2,speaker
45,alexwlchan,United Kingdom,GBR,,,,3,expert
46,alexwlchan,United Kingdom,GBR,,,,4,expert
47,alexwlchan,United Kingdom,GBR,,,,4,speaker
48,alexwlchan,United Kingdom,GBR,,,,5,expert
49,alexwlchan,United Kingdom,GBR,,,,6,speaker
50,aliaslaurel,Argentina,ARG,Córdoba,-4.7760138,37.8845813,6,expert
51,alihumayun,United Kingdom,GBR,London,-0.12765,51.5073359,3,participant
52,alihumayun,United Kingdom,GBR,London,-0.12765,51.5073359,4,participant
53,amangoel185,United Kingdom,GBR,Manchester,-2.2451148,53.4794892,6,participant
54,amangoel185,United Kingdom,GBR,Manchester,-2.2451148,53.4794892,7,facilitator
55,amchagas,United Kingdom,GBR,,,,3,speaker
56,anafinovas,Hungary,HUN,Budapest,19.14609412691246,47.48138955,7,participant
57,anayan321,Thailand,THA,Bangkok,100.4935089,13.7524938,1,participant
58,anayan321,Thailand,THA,Bangkok,100.4935089,13.7524938,4,expert
59,andre-vargas-de,Bolivia,,Cochabamba,-66.16756808852,-17.401245799999998,5,participant
60,andreasancheztapia,Colombia,COL,"Merced, CA",-120.7678602,37.1641544,6,expert
61,andreasancheztapia,Colombia,COL,"Merced, CA",-120.7678602,37.1641544,6,mentor
62,andreasancheztapia,Colombia,COL,"Merced, CA",-120.7678602,37.1641544,6,mentor
63,andreea-avramescu,United Kingdom,GBR,Manchester,-2.2451148,53.4794892,4,participant
64,anelda,South Africa,ZAF,Overberg,5.4964645,52.0390484,2,mentor
65,anelda,South Africa,ZAF,Overberg,5.4964645,52.0390484,3,mentor
66,anelda,South Africa,ZAF,Overberg,5.4964645,52.0390484,3,speaker
67,anelda,South Africa,ZAF,Overberg,5.4964645,52.0390484,5,speaker
68,anelda,South Africa,ZAF,Overberg,5.4964645,52.0390484,6,participant
69,anenadic,United Kingdom,GBR,Manchester,-2.2451148,53.4794892,1,expert
70,anenadic,United Kingdom,GBR,Manchester,-2.2451148,53.4794892,2,expert
71,anenadic,United Kingdom,GBR,Manchester,-2.2451148,53.4794892,2,speaker
72,anenadic,United Kingdom,GBR,Manchester,-2.2451148,53.4794892,3,expert
73,angelicamaineri,Netherlands,NLD,,,,7,participant
74,anita-broellochs,United States,USA,,,,1,speaker
75,anita-broellochs,United States,USA,,,,2,expert
76,anita-broellochs,United States,USA,,,,2,mentor
77,anjali-mazumder,United Kingdom,GBR,,,,2,mentor
78,annakrystalli,United Kingdom,GBR,Sheffield,-1.4702278,53.3806626,1,expert
79,annakrystalli,United Kingdom,GBR,Sheffield,-1.4702278,53.3806626,3,expert
80,annakrystalli,United Kingdom,GBR,Sheffield,-1.4702278,53.3806626,3,mentor
81,annalee-sekulic,United States,USA,Columbus,-83.0007065,39.9622601,3,participant
82,annambiller,Germany,DEU,Munich,11.5753822,48.1371079,7,participant
83,anneclinio,Brazil,BRA,,,,1,expert
84,annefou,Norway,NOR,Oslo,10.7389701,59.9133301,4,expert
85,annefou,Norway,NOR,Oslo,10.7389701,59.9133301,4,mentor
86,annefou,Norway,NOR,Oslo,10.7389701,59.9133301,5,mentor
87,annemtreasure,South Africa,ZAF,Cape Town,18.417396,-33.928992,5,expert
88,annemtreasure,South Africa,ZAF,Cape Town,18.417396,-33.928992,5,mentor
89,annemtreasure,South Africa,ZAF,Cape Town,18.417396,-33.928992,6,mentor
90,anproulx,Canada,CAN,,,,2,participant
91,anshika-sah,India,IND,New Delhi,77.2090057,28.6138954,3,participant
92,antonioggsousa,Portugal,PRT,Oeiras,-9.271300382407272,38.7124971,3,participant
93,arentkievits,Netherlands,NLD,Delft,4.362724538543995,51.999457199999995,4,participant
94,ariana-bethany-subroyen,,,,,,6,participant
95,arianna-cortesi,Brazil,BRA,Rio De Janeiro,-43.2093727,-22.9110137,7,participant
96,arielle-bennett,United Kingdom,GBR,Stevenage,-0.2027155,51.9016663,2,expert
97,arielle-bennett,United Kingdom,GBR,Stevenage,-0.2027155,51.9016663,2,mentor
98,arielle-bennett,United Kingdom,GBR,Stevenage,-0.2027155,51.9016663,3,expert
99,arielle-bennett,United Kingdom,GBR,Stevenage,-0.2027155,51.9016663,4,expert
100,arielle-bennett,United Kingdom,GBR,Stevenage,-0.2027155,51.9016663,4,mentor
101,arielle-bennett,United Kingdom,GBR,Stevenage,-0.2027155,51.9016663,5,mentor
102,arielle-bennett,United Kingdom,GBR,Stevenage,-0.2027155,51.9016663,6,expert
103,arielle-bennett,United Kingdom,GBR,Stevenage,-0.2027155,51.9016663,6,mentor
104,arielle-bennett,United Kingdom,GBR,Stevenage,-0.2027155,51.9016663,7,mentor
105,arvinpreet-kaur,India,IND,,,,3,participant
106,ashutosh-tiwari,India,IND,"Bilaspur, Chhattisgarh",82.10996498737376,21.98934025,3,participant
107,astroakanksha24,India,IND,,,,5,participant
108,augustincaitlin,United States,USA,Orlando,-81.3790304,28.5421109,4,participant
109,aurigandrea,,,,,,5,participant
110,ayeshadunk,United Kingdom,GBR,London,-0.12765,51.5073359,5,participant
111,aymd23,Nigeria,NGA,Ibadan,3.8972497,7.3777462,7,participant
112,b14-rsa,South Africa,ZAF,Johannesburg,28.049722,-26.205,5,participant
113,babari-a-babari-michelle-freddia,Cameroon,CMR,Yaoundé,11.5213344,3.8689867,7,participant
114,babasaraki,Nigeria,NGA,Bauchi,10.0287754,10.6228284,2,speaker
115,babasaraki,Nigeria,NGA,Bauchi,10.0287754,10.6228284,5,participant
116,babasaraki,Nigeria,NGA,Bauchi,10.0287754,10.6228284,6,participant
117,bailey-harrington,United States,USA,,,,2,participant
118,bakary-n'tji diallo,Mali,MLI,,,,2,participant
119,banshee1221,South Africa,ZAF,,,,2,participant
120,batoolmm,Saudi Arabia,SAU,Liverpool,-2.99168,53.4071991,3,participant
121,batoolmm,Saudi Arabia,SAU,Liverpool,-2.99168,53.4071991,4,facilitator
122,batoolmm,Saudi Arabia,SAU,Liverpool,-2.99168,53.4071991,4,participant
123,batoolmm,Saudi Arabia,SAU,Liverpool,-2.99168,53.4071991,4,speaker
124,batoolmm,Saudi Arabia,SAU,Liverpool,-2.99168,53.4071991,5,facilitator
125,batoolmm,Saudi Arabia,SAU,Liverpool,-2.99168,53.4071991,5,mentor
126,batoolmm,Saudi Arabia,SAU,Liverpool,-2.99168,53.4071991,6,expert
127,batoolmm,Saudi Arabia,SAU,Liverpool,-2.99168,53.4071991,6,facilitator
128,batoolmm,Saudi Arabia,SAU,Liverpool,-2.99168,53.4071991,6,mentor
129,bduckles,United States,USA,"Portland, Oregon",-122.674194,45.5202471,1,speaker
130,bduckles,United States,USA,"Portland, Oregon",-122.674194,45.5202471,2,expert
131,bduckles,United States,USA,"Portland, Oregon",-122.674194,45.5202471,3,expert
132,bduckles,United States,USA,"Portland, Oregon",-122.674194,45.5202471,3,mentor
133,bduckles,United States,USA,"Portland, Oregon",-122.674194,45.5202471,4,expert
134,bduckles,United States,USA,"Portland, Oregon",-122.674194,45.5202471,4,mentor
135,beapdk,Canada,CAN,,,,2,participant
136,beatrizserrano,Germany,DEU,Freiburg,7.8494005,47.9960901,2,participant
137,beatrizserrano,Germany,DEU,Freiburg,7.8494005,47.9960901,3,expert
138,beatrizserrano,Germany,DEU,Freiburg,7.8494005,47.9960901,5,mentor
139,beatrizserrano,Germany,DEU,Freiburg,7.8494005,47.9960901,7,participant
140,bebatut,France,FRA,Clermont-Ferrand,3.0819427,45.7774551,1,organizer
141,bebatut,France,FRA,Clermont-Ferrand,3.0819427,45.7774551,1,speaker
142,bebatut,France,FRA,Clermont-Ferrand,3.0819427,45.7774551,2,expert
143,bebatut,France,FRA,Clermont-Ferrand,3.0819427,45.7774551,2,organizer
144,bebatut,France,FRA,Clermont-Ferrand,3.0819427,45.7774551,2,speaker
145,bebatut,France,FRA,Clermont-Ferrand,3.0819427,45.7774551,3,expert
146,bebatut,France,FRA,Clermont-Ferrand,3.0819427,45.7774551,3,organizer
147,bebatut,France,FRA,Clermont-Ferrand,3.0819427,45.7774551,3,mentor
148,bebatut,France,FRA,Clermont-Ferrand,3.0819427,45.7774551,3,mentor
149,bebatut,France,FRA,Clermont-Ferrand,3.0819427,45.7774551,3,mentor
150,bebatut,France,FRA,Clermont-Ferrand,3.0819427,45.7774551,3,mentor
151,bebatut,France,FRA,Clermont-Ferrand,3.0819427,45.7774551,3,speaker
152,bebatut,France,FRA,Clermont-Ferrand,3.0819427,45.7774551,4,expert
153,bebatut,France,FRA,Clermont-Ferrand,3.0819427,45.7774551,4,organizer
154,bebatut,France,FRA,Clermont-Ferrand,3.0819427,45.7774551,4,mentor
155,bebatut,France,FRA,Clermont-Ferrand,3.0819427,45.7774551,4,speaker
156,bebatut,France,FRA,Clermont-Ferrand,3.0819427,45.7774551,5,organizer
157,bebatut,France,FRA,Clermont-Ferrand,3.0819427,45.7774551,6,organizer
158,bebatut,France,FRA,Clermont-Ferrand,3.0819427,45.7774551,7,organizer
159,bebatut,France,FRA,Clermont-Ferrand,3.0819427,45.7774551,7,speaker
160,bebatut,France,FRA,Clermont-Ferrand,3.0819427,45.7774551,7,speaker
161,bebatut,France,FRA,Clermont-Ferrand,3.0819427,45.7774551,7,speaker
162,benkrikler,United Kingdom,GBR,,,,2,speaker
163,bethaniley,United Kingdom,GBR,Belfast,-5.9301829,54.596391,6,speaker
164,bgruening,Germany,DEU,,,,1,expert
165,bgruening,Germany,DEU,,,,1,mentor
166,bgruening,Germany,DEU,,,,2,expert
167,bhuvanameenakshik,India,IND,,,,1,expert
168,billbrod,United States,USA,,,,1,participant
169,billbrod,United States,USA,,,,7,mentor
170,birgül-çolak-al,Turkey,TUR,Istanbul,28.9662187,41.0091982,5,participant
171,biscuitnapper,,,,,,4,participant
172,bisola15,Nigeria,NGA,Yaba,-2.8848131505798653,12.811960299999999,7,participant
173,boi-kone,Mali,MLI,,,,2,participant
174,bonetcarne,Spain,ESP,,,,1,participant
175,booktrackergirl,United Kingdom,GBR,Exeter,-3.5269497,50.7255794,7,participant
176,brainonsilicon,United Kingdom,GBR,,,,2,participant
177,brainonsilicon,United Kingdom,GBR,,,,6,participant
178,bresearcher101,,,,,,6,participant
179,bresearcher101,,,,,,7,mentor
180,bruno-soares,Brazil,BRA,Rio De Janeiro,-43.2093727,-22.9110137,1,participant
181,bruno-soares,Brazil,BRA,Rio De Janeiro,-43.2093727,-22.9110137,2,mentor
182,bruno-soares,Brazil,BRA,Rio De Janeiro,-43.2093727,-22.9110137,3,mentor
183,bruno-soares,Brazil,BRA,Rio De Janeiro,-43.2093727,-22.9110137,4,expert
184,bruno-soares,Brazil,BRA,Rio De Janeiro,-43.2093727,-22.9110137,4,mentor
185,bsolodzi,Ghana,GHA,"Ashaiman, Zenu",-0.0499836,5.7121199,7,participant
186,burceelbasan,Germany,DEU,,,,4,participant
187,burceelbasan,Germany,DEU,,,,5,mentor
188,burkemlou,Australia,AUS,Brisbane,153.0234991,-27.4689682,2,expert
189,burkemlou,Australia,AUS,Brisbane,153.0234991,-27.4689682,2,speaker
190,burkemlou,Australia,AUS,Brisbane,153.0234991,-27.4689682,3,expert
191,burkemlou,Australia,AUS,Brisbane,153.0234991,-27.4689682,3,mentor
192,c-martinez,Netherlands,NLD,Amsterdam,4.8924534,52.3730796,3,expert
193,c-martinez,Netherlands,NLD,Amsterdam,4.8924534,52.3730796,3,speaker
194,callummole,United Kingdom,GBR,London,-0.12765,51.5073359,4,participant
195,callummole,United Kingdom,GBR,London,-0.12765,51.5073359,5,participant
196,camachoreina,France,FRA,Paris,2.3483915,48.8534951,3,participant
197,camachoreina,France,FRA,Paris,2.3483915,48.8534951,4,expert
198,camila-gómez,Bolivia,,Cochabamba,-66.16756808852,-17.401245799999998,5,participant
199,carmel-carne,South Africa,ZAF,Cape Town,18.417396,-33.928992,7,participant
200,carol-o'brien,Denmark,DNK,,,,7,participant
201,cassgvp,United Kingdom,GBR,Oxford,-1.2578499,51.7520131,1,participant
202,cassgvp,United Kingdom,GBR,Oxford,-1.2578499,51.7520131,2,expert
203,cassgvp,United Kingdom,GBR,Oxford,-1.2578499,51.7520131,2,speaker
204,cassgvp,United Kingdom,GBR,Oxford,-1.2578499,51.7520131,5,expert
205,cassmurph,Ireland,IRL,,,,6,participant
206,cassmurph,Ireland,IRL,,,,7,facilitator
207,cbolibaugh,United Kingdom,GBR,York,-1.0815361,53.9590555,4,participant
208,cel31,Spain,ESP,Barcelona,2.1774322,41.3828939,5,participant
209,cemonks,Australia,AUS,Perth,115.8605801,-31.9558964,3,participant
210,cemonks,Australia,AUS,Perth,115.8605801,-31.9558964,4,mentor
211,cgentemann,United States,USA,Santa Rosa,-122.7141049,38.4404925,6,expert
212,chadsansing,United States,USA,,,,4,speaker
213,chadsansing,United States,USA,,,,5,speaker
214,chadsansing,United States,USA,,,,6,speaker
215,chiara-damiani,,,,,,3,participant
216,chiarabertipaglia,United States,USA,,,,1,participant
217,chiarabertipaglia,United States,USA,,,,2,expert
218,christina-ambrosi,Switzerland,CHE,,,,2,participant
219,christinerogers,Canada,CAN,Montreal,-73.5698065,45.5031824,1,participant
220,christinerogers,Canada,CAN,Montreal,-73.5698065,45.5031824,2,expert
221,christinerogers,Canada,CAN,Montreal,-73.5698065,45.5031824,2,speaker
222,christinerogers,Canada,CAN,Montreal,-73.5698065,45.5031824,3,expert
223,chucklesongithub,Argentina,ARG,Buenos Aires,-58.4370894,-34.6075682,4,participant
224,chukaogbo,Nigeria,NGA,"Abeokuta, Ogun State.",3.3450438,7.139576,7,participant
225,cl379,Spain,ESP,Barcelona,2.1774322,41.3828939,3,participant
226,cl379,Spain,ESP,Barcelona,2.1774322,41.3828939,5,participant
227,claudia-mignone,Italy,ITA,Roma,12.4829321,41.8933203,7,participant
228,codito22,Peru,PER,Lima,-77.0365256,-12.0621065,5,participant
229,complexbrains,Canada,CAN,Montreal,-73.5698065,45.5031824,5,participant
230,complexbrains,Canada,CAN,Montreal,-73.5698065,45.5031824,6,facilitator
231,complexbrains,Canada,CAN,Montreal,-73.5698065,45.5031824,7,mentor
232,contraexemplo,Brazil,BRA,,,,6,speaker
233,coopersmout,Australia,AUS,Brisbane,153.0234991,-27.4689682,2,participant
234,coopersmout,Australia,AUS,Brisbane,153.0234991,-27.4689682,4,expert
235,crangelsmith,United Kingdom,GBR,,,,2,participant
236,da5nsy,United States,USA,Washington Dc,-77.0365427,38.8950368,2,participant
237,da5nsy,United States,USA,Washington Dc,-77.0365427,38.8950368,3,expert
238,da5nsy,United States,USA,Washington Dc,-77.0365427,38.8950368,4,facilitator
239,dadditolu,United Kingdom,GBR,Glasgow,-4.2497933,55.8606182,3,participant
240,dadditolu,United Kingdom,GBR,Glasgow,-4.2497933,55.8606182,6,mentor
241,danae-carelis-davila-espinoza,Bolivia,,,,,5,participant
242,daniel-kochin,United Kingdom,GBR,Oxford,-1.2578499,51.7520131,7,participant
243,dannycolin,Canada,CAN,,,,1,participant
244,danwchan,,,New York City,-74.0060152,40.7127281,7,participant
245,darwin-diaz,Peru,PER,Lima,-77.0365256,-12.0621065,5,participant
246,dasaderi,United States,USA,,,,1,expert
247,dasaderi,United States,USA,,,,1,mentor
248,dasaderi,United States,USA,,,,2,expert
249,dasaptaerwin,India,IND,,,,6,speaker
250,david-selassie-opoku,Germany,DEU,Berlin,13.3888599,52.5170365,4,expert
251,davidbeavan,United Kingdom,GBR,,,,2,participant
252,davidviryachen,Japan,JPN,,,,1,participant
253,deepakunni3,Switzerland,CHE,Basel,7.5878261,47.5581077,5,expert
254,deepakunni3,Switzerland,CHE,Basel,7.5878261,47.5581077,5,mentor
255,deepakunni3,Switzerland,CHE,Basel,7.5878261,47.5581077,6,expert
256,delphine-l,United States,USA,Raleigh,-78.6390989,35.7803977,2,mentor
257,delphine-l,United States,USA,Raleigh,-78.6390989,35.7803977,4,expert
258,delphine-l,United States,USA,Raleigh,-78.6390989,35.7803977,4,mentor
259,demellina,United Kingdom,GBR,London,-0.12765,51.5073359,1,expert
260,demellina,United Kingdom,GBR,London,-0.12765,51.5073359,1,speaker
261,demellina,United Kingdom,GBR,London,-0.12765,51.5073359,2,expert
262,demellina,United Kingdom,GBR,London,-0.12765,51.5073359,3,expert
263,diana-pilvar,Estonia,EST,Tartu,26.72245,58.3801207,7,participant
264,didik-utomo,Indonesia,IDN,Malang,112.6340291,-7.9771206,3,participant
265,diegoonna,Argentina,ARG,Ciudad Autónoma De Buenos Aires,-58.4370894,-34.6075682,4,participant
266,diegoonna,Argentina,ARG,Ciudad Autónoma De Buenos Aires,-58.4370894,-34.6075682,5,mentor
267,diegoonna,Argentina,ARG,Ciudad Autónoma De Buenos Aires,-58.4370894,-34.6075682,6,mentor
268,diegoonna,Argentina,ARG,Ciudad Autónoma De Buenos Aires,-58.4370894,-34.6075682,7,mentor
269,dimmestp,United Kingdom,GBR,Edinburgh,-3.1883749,55.9533456,3,mentor
270,dimmestp,United Kingdom,GBR,Edinburgh,-3.1883749,55.9533456,4,expert
271,dimmestp,United Kingdom,GBR,Edinburgh,-3.1883749,55.9533456,4,mentor
272,dimmestp,United Kingdom,GBR,Edinburgh,-3.1883749,55.9533456,6,expert
273,dingaaling,United Kingdom,GBR,London,-0.12765,51.5073359,6,participant
274,dlebauer,United States,USA,,,,1,participant
275,doaamkader,Egypt,EGY,Obour City,31.481586781267453,30.162908350000002,7,participant
276,dsarahstamps,United States,USA,,,,5,speaker
277,dudova,Czechia,CZE,Brno,16.6113382,49.1922443,3,participant
278,duerrsimon,Switzerland,CHE,Lausanne,6.6327025,46.5218269,3,participant
279,duerrsimon,Switzerland,CHE,Lausanne,6.6327025,46.5218269,4,expert
280,dylan-bastiaans,Switzerland,CHE,,,,2,participant
281,ealescak,United States,USA,Anchorage,-149.894852,61.2163129,3,expert
282,ealescak,United States,USA,Anchorage,-149.894852,61.2163129,3,mentor
283,ealescak,United States,USA,Anchorage,-149.894852,61.2163129,4,expert
284,ealescak,United States,USA,Anchorage,-149.894852,61.2163129,4,mentor
285,ecsalomon,United States,USA,"Chicago, Il",-87.6244212,41.8755616,4,participant
286,eirini-zormpa,United Kingdom,GBR,,,,6,participant
287,eirinibotsari,Netherlands,NLD,Dem Haag,4.3113461,52.0799838,5,participant
288,ekaroune,United Kingdom,GBR,Portsmouth,-1.075614,50.8036831,2,participant
289,ekaroune,United Kingdom,GBR,Portsmouth,-1.075614,50.8036831,3,expert
290,ekaroune,United Kingdom,GBR,Portsmouth,-1.075614,50.8036831,3,mentor
291,ekaroune,United Kingdom,GBR,Portsmouth,-1.075614,50.8036831,4,expert
292,ekaroune,United Kingdom,GBR,Portsmouth,-1.075614,50.8036831,4,facilitator
293,ekaroune,United Kingdom,GBR,Portsmouth,-1.075614,50.8036831,4,mentor
294,ekaroune,United Kingdom,GBR,Portsmouth,-1.075614,50.8036831,4,speaker
295,ekaroune,United Kingdom,GBR,Portsmouth,-1.075614,50.8036831,5,mentor
296,ekaroune,United Kingdom,GBR,Portsmouth,-1.075614,50.8036831,5,participant
297,ekaroune,United Kingdom,GBR,Portsmouth,-1.075614,50.8036831,6,expert
298,ekaroune,United Kingdom,GBR,Portsmouth,-1.075614,50.8036831,6,mentor
299,ekeluv,South Africa,ZAF,,,,2,participant
300,ekin-bolukbasi,United Kingdom,GBR,London,-0.12765,51.5073359,2,speaker
301,elena-giglia,Italy,ITA,Turin,7.6824892,45.0677551,6,participant
302,elisa-on-github,Netherlands,NLD,Amsterdam,4.8924534,52.3730796,4,participant
303,elisa-on-github,Netherlands,NLD,Amsterdam,4.8924534,52.3730796,6,expert
304,elsasci,United Kingdom,GBR,,,,1,participant
305,emma-anne-harris,Germany,DEU,Berlin,13.3888599,52.5170365,3,expert
306,emma-anne-harris,Germany,DEU,Berlin,13.3888599,52.5170365,3,speaker
307,emma-lawrence,United Kingdom,GBR,London,-0.12765,51.5073359,3,participant
308,emma-lawrence,United Kingdom,GBR,London,-0.12765,51.5073359,4,expert
309,emmanuel19-ada,Nigeria,NGA,Ogbomosho,4.25,8.133,4,participant
310,emmanuel19-ada,Nigeria,NGA,Ogbomosho,4.25,8.133,5,participant
311,emmanuel19-ada,Nigeria,NGA,Ogbomosho,4.25,8.133,6,participant
312,emmanuel19-ada,Nigeria,NGA,Ogbomosho,4.25,8.133,7,participant
313,emmyft,Netherlands,NLD,,,,1,expert
314,emmyft,Netherlands,NLD,,,,2,expert
315,emmyft,Netherlands,NLD,,,,3,organizer
316,emmyft,Netherlands,NLD,,,,3,speaker
317,emmyft,Netherlands,NLD,,,,3,speaker
318,emmyft,Netherlands,NLD,,,,3,speaker
319,emmyft,Netherlands,NLD,,,,4,organizer
320,emmyft,Netherlands,NLD,,,,4,mentor
321,emmyft,Netherlands,NLD,,,,4,speaker
322,emmyft,Netherlands,NLD,,,,4,speaker
323,emmyft,Netherlands,NLD,,,,5,organizer
324,emmyft,Netherlands,NLD,,,,5,mentor
325,emmyft,Netherlands,NLD,,,,5,speaker
326,emmyft,Netherlands,NLD,,,,6,organizer
327,emmyft,Netherlands,NLD,,,,7,organizer
328,emmyft,Netherlands,NLD,,,,7,speaker
329,esbusis,Turkey,TUR,Istanbul,28.9662187,41.0091982,5,participant
330,estherplomp,Netherlands,NLD,The Hague,4.3113461,52.0799838,3,expert
331,estherplomp,Netherlands,NLD,The Hague,4.3113461,52.0799838,3,mentor
332,estherplomp,Netherlands,NLD,The Hague,4.3113461,52.0799838,3,speaker
333,estherplomp,Netherlands,NLD,The Hague,4.3113461,52.0799838,4,expert
334,estherplomp,Netherlands,NLD,The Hague,4.3113461,52.0799838,4,mentor
335,estherplomp,Netherlands,NLD,The Hague,4.3113461,52.0799838,4,mentor
336,estherplomp,Netherlands,NLD,The Hague,4.3113461,52.0799838,5,mentor
337,estherplomp,Netherlands,NLD,The Hague,4.3113461,52.0799838,6,expert
338,estherplomp,Netherlands,NLD,The Hague,4.3113461,52.0799838,6,mentor
339,evaherbst,Switzerland,CHE,,,,2,participant
340,evelyngreeves,United Kingdom,GBR,,,,5,participant
341,ewa-leś,Poland,POL,,,,4,participant
342,ewallace,United Kingdom,GBR,Edinburgh,-3.1883749,55.9533456,3,expert
343,ewallace,United Kingdom,GBR,Edinburgh,-3.1883749,55.9533456,4,expert
344,ewallace,United Kingdom,GBR,Edinburgh,-3.1883749,55.9533456,5,expert
345,ewuramaminka,United Kingdom,GBR,,,,1,participant
346,fabienne-lucas,United States,USA,Boston,-71.060511,42.3554334,3,participant
347,fabioperdigao,Brazil,BRA,Rio De Janeiro,-43.2093727,-22.9110137,6,participant
348,fadanka,Cameroon,CMR,Yaounde,11.5213344,3.8689867,5,participant
349,fadanka,Cameroon,CMR,Yaounde,11.5213344,3.8689867,6,mentor
350,fadanka,Cameroon,CMR,Yaounde,11.5213344,3.8689867,7,participant
351,fadanka,Cameroon,CMR,Yaounde,11.5213344,3.8689867,7,mentor
352,farukustunel,Turkey,TUR,Istanbul,28.9662187,41.0091982,5,participant
353,federico-cestares,Argentina,ARG,Buenos Aires,-58.4370894,-34.6075682,5,participant
354,fnyasimi,Kenya,KEN,,,,1,participant
355,fnyasimi,Kenya,KEN,,,,4,facilitator
356,fnyasimi,Kenya,KEN,,,,5,facilitator
357,fnyasimi,Kenya,KEN,,,,6,facilitator
358,fpsom,Greece,GRC,Thessaloniki,22.9352716,40.6403167,1,expert
359,fpsom,Greece,GRC,Thessaloniki,22.9352716,40.6403167,1,mentor
360,fpsom,Greece,GRC,Thessaloniki,22.9352716,40.6403167,1,speaker
361,fpsom,Greece,GRC,Thessaloniki,22.9352716,40.6403167,2,expert
362,fpsom,Greece,GRC,Thessaloniki,22.9352716,40.6403167,2,speaker
363,fpsom,Greece,GRC,Thessaloniki,22.9352716,40.6403167,3,expert
364,fpsom,Greece,GRC,Thessaloniki,22.9352716,40.6403167,3,mentor
365,fpsom,Greece,GRC,Thessaloniki,22.9352716,40.6403167,4,expert
366,fpsom,Greece,GRC,Thessaloniki,22.9352716,40.6403167,4,mentor
367,fpsom,Greece,GRC,Thessaloniki,22.9352716,40.6403167,5,mentor
368,fpsom,Greece,GRC,Thessaloniki,22.9352716,40.6403167,5,mentor
369,fpsom,Greece,GRC,Thessaloniki,22.9352716,40.6403167,6,mentor
370,fredbelliard,Netherlands,NLD,Delft,4.362724538543995,51.999457199999995,5,participant
371,gabimusaubach,Argentina,ARG,,,,5,participant
372,gabriela-rufino,Brazil,BRA,Rio De Janeiro,-43.2093727,-22.9110137,7,participant
373,ganleyemma,United Kingdom,GBR,,,,2,speaker
374,gareth-j,United Kingdom,GBR,Bristol,-2.5972985,51.4538022,5,participant
375,gedaloop,Spain,ESP,Barcelona,2.1774322,41.3828939,4,participant
376,gedankenstuecke,France,FRA,Paris,2.3483915,48.8534951,1,expert
377,gedankenstuecke,France,FRA,Paris,2.3483915,48.8534951,1,speaker
378,gedankenstuecke,France,FRA,Paris,2.3483915,48.8534951,2,expert
379,gedankenstuecke,France,FRA,Paris,2.3483915,48.8534951,2,speaker
380,gedankenstuecke,France,FRA,Paris,2.3483915,48.8534951,3,expert
381,gemmaturon,Spain,ESP,Barcelona,2.1774322,41.3828939,5,participant
382,georgiahca,United Kingdom,GBR,London,-0.12765,51.5073359,2,participant
383,georgiahca,United Kingdom,GBR,London,-0.12765,51.5073359,3,speaker
384,georgiahca,United Kingdom,GBR,London,-0.12765,51.5073359,5,expert
385,georgiahca,United Kingdom,GBR,London,-0.12765,51.5073359,5,mentor
386,georgianaelena,Romania,ROU,,,,7,expert
387,ghammad,Belgium,BEL,Liège,5.5736112,50.6450944,3,participant
388,gigikenneth,Nigeria,NGA,,,,7,participant
389,gill-francis,United Kingdom,GBR,York,-1.0815361,53.9590555,4,participant
390,glado718,Kenya,KEN,Nairobi,36.8172449,-1.2832533,6,participant
391,glado718,Kenya,KEN,Nairobi,36.8172449,-1.2832533,7,facilitator
392,gladys-jerono-rotich,Kenya,KEN,Nairobi,36.8172449,-1.2832533,7,mentor
393,graciellehigino,Canada,CAN,Vancouver,-123.113952,49.2608724,2,expert
394,graciellehigino,Canada,CAN,Vancouver,-123.113952,49.2608724,4,expert
395,graciellehigino,Canada,CAN,Vancouver,-123.113952,49.2608724,4,mentor
396,graciellehigino,Canada,CAN,Vancouver,-123.113952,49.2608724,5,mentor
397,graciellehigino,Canada,CAN,Vancouver,-123.113952,49.2608724,5,mentor
398,graciellehigino,Canada,CAN,Vancouver,-123.113952,49.2608724,6,expert
399,graciellehigino,Canada,CAN,Vancouver,-123.113952,49.2608724,6,mentor
400,graciellehigino,Canada,CAN,Vancouver,-123.113952,49.2608724,7,mentor
401,gugy89,,,,,,5,expert
402,guille1107,Argentina,ARG,Buenos Aires,-58.4370894,-34.6075682,4,participant
403,ha0ye,United States,USA,Gainesville,-82.3249846,29.6519684,1,expert
404,ha0ye,United States,USA,Gainesville,-82.3249846,29.6519684,1,mentor
405,ha0ye,United States,USA,Gainesville,-82.3249846,29.6519684,2,expert
406,ha0ye,United States,USA,Gainesville,-82.3249846,29.6519684,3,expert
407,ha0ye,United States,USA,Gainesville,-82.3249846,29.6519684,3,speaker
408,ha0ye,United States,USA,Gainesville,-82.3249846,29.6519684,4,expert
409,ha0ye,United States,USA,Gainesville,-82.3249846,29.6519684,5,expert
410,ha0ye,United States,USA,Gainesville,-82.3249846,29.6519684,5,speaker
411,ha0ye,United States,USA,Gainesville,-82.3249846,29.6519684,6,expert
412,harinilakshminarayanan,Switzerland,CHE,Zurich,8.5410422,47.3744489,6,participant
413,harinilakshminarayanan,Switzerland,CHE,Zurich,8.5410422,47.3744489,7,mentor
414,harisood,,,,,,6,participant
415,harpreetsingh05,India,IND,Jalandhar,75.56805772253911,31.29201065,3,expert
416,harpreetsingh05,India,IND,Jalandhar,75.56805772253911,31.29201065,3,participant
417,harpreetsingh05,India,IND,Jalandhar,75.56805772253911,31.29201065,3,mentor
418,harpreetsingh05,India,IND,Jalandhar,75.56805772253911,31.29201065,3,mentor
419,harpreetsingh05,India,IND,Jalandhar,75.56805772253911,31.29201065,4,mentor
420,hdinkel,Germany,DEU,,,,1,expert
421,hdinkel,Germany,DEU,,,,1,mentor
422,hdinkel,Germany,DEU,,,,2,expert
423,hdinkel,Germany,DEU,,,,2,mentor
424,hexylena,Netherlands,NLD,Rotterdam,4.47775,51.9244424,3,speaker
425,heylf,Germany,DEU,Freiburg,7.8494005,47.9960901,3,participant
426,hilyatuz-zahroh,Indonesia,IDN,,,,2,participant
427,homo-sapiens34,Russian Federation,RUS,,,,1,participant
428,hpdang,Singapore,SGP,,,,4,speaker
429,hpdang,Singapore,SGP,,,,5,speaker
430,hrhotz,Switzerland,CHE,Basel,7.5878261,47.5581077,2,mentor
431,hrhotz,Switzerland,CHE,Basel,7.5878261,47.5581077,3,mentor
432,hrhotz,Switzerland,CHE,Basel,7.5878261,47.5581077,4,mentor
433,hrhotz,Switzerland,CHE,Basel,7.5878261,47.5581077,6,expert
434,hrhotz,Switzerland,CHE,Basel,7.5878261,47.5581077,6,mentor
435,hylary-emmanuela-ndegala-nhana,Cameroon,CMR,Yaounde,11.5213344,3.8689867,7,participant
436,hzahroh,Indonesia,IDN,Jakarta,106.8270488,-6.175247,3,participant
437,ibrahssali1,Uganda,UGA,,,,2,participant
438,inquisitivevi,Germany,DEU,,,,1,expert
439,iramosp,Mexico,MEX,Mexico City,-99.1331785,19.4326296,3,participant
440,iramosp,Mexico,MEX,Mexico City,-99.1331785,19.4326296,4,expert
441,iramosp,Mexico,MEX,Mexico City,-99.1331785,19.4326296,5,expert
442,iramosp,Mexico,MEX,Mexico City,-99.1331785,19.4326296,6,expert
443,iramosp,Mexico,MEX,Mexico City,-99.1331785,19.4326296,7,expert
444,iratxepuebla,United Kingdom,GBR,Cambridge,0.1186637,52.2055314,3,expert
445,iratxepuebla,United Kingdom,GBR,Cambridge,0.1186637,52.2055314,3,mentor
446,iratxepuebla,United Kingdom,GBR,Cambridge,0.1186637,52.2055314,3,speaker
447,iratxepuebla,United Kingdom,GBR,Cambridge,0.1186637,52.2055314,4,expert
448,iratxepuebla,United Kingdom,GBR,Cambridge,0.1186637,52.2055314,4,mentor
449,iratxepuebla,United Kingdom,GBR,Cambridge,0.1186637,52.2055314,5,expert
450,irena-maus,Germany,DEU,Bielefeld,8.531007,52.0191005,4,participant
451,irisbotas,Spain,ESP,Majadahonda,-3.8724138,40.473055,3,participant
452,isahmadbbr,Nigeria,NGA,Kano,8.5364136,11.8948389,3,participant
453,ismael-kg,United Kingdom,GBR,London,-0.12765,51.5073359,2,participant
454,ismael-kg,United Kingdom,GBR,London,-0.12765,51.5073359,5,participant
455,ismael-kg,United Kingdom,GBR,London,-0.12765,51.5073359,6,facilitator
456,ivotron,Mexico,MEX,Hermosillo,-110.9692202,29.0948207,2,mentor
457,ivotron,Mexico,MEX,Hermosillo,-110.9692202,29.0948207,3,expert
458,jafari-amir,Brazil,BRA,Rio De Janeiro,-43.2093727,-22.9110137,7,participant
459,jafsia,Cameroon,CMR,Yaounde,11.5213344,3.8689867,5,participant
460,jafsia,Cameroon,CMR,Yaounde,11.5213344,3.8689867,6,mentor
461,jafsia,Cameroon,CMR,Yaounde,11.5213344,3.8689867,7,facilitator
462,jafsia,Cameroon,CMR,Yaounde,11.5213344,3.8689867,7,participant
463,jafsia,Cameroon,CMR,Yaounde,11.5213344,3.8689867,7,mentor
464,jasonjwilliamsny,United States,USA,,,,1,expert
465,jasonjwilliamsny,United States,USA,,,,1,speaker
466,jasonjwilliamsny,United States,USA,,,,2,expert
467,javier-ruiz-pérez,Spain,ESP,Barcelona,2.1774322,41.3828939,3,participant
468,jcolomb,Germany,DEU,Berlin,13.3888599,52.5170365,2,expert
469,jcolomb,Germany,DEU,Berlin,13.3888599,52.5170365,4,expert
470,jcolomb,Germany,DEU,Berlin,13.3888599,52.5170365,4,mentor
471,jcolomb,Germany,DEU,Berlin,13.3888599,52.5170365,5,mentor
472,jcolomb,Germany,DEU,Berlin,13.3888599,52.5170365,7,mentor
473,jelioth-muthoni,Kenya,KEN,,,,2,participant
474,jesperdramsch,Germany,DEU,Bonn,7.10066,50.735851,5,expert
475,jessica-sims,United Kingdom,GBR,London,-0.12765,51.5073359,3,participant
476,jessicas11,United States,USA,Durham,-78.9018053,35.996653,4,expert
477,jessicas11,United States,USA,Durham,-78.9018053,35.996653,4,mentor
478,jezcope,United Kingdom,GBR,Harrogate,-1.5391039,53.9921491,2,expert
479,jezcope,United Kingdom,GBR,Harrogate,-1.5391039,53.9921491,2,mentor
480,jezcope,United Kingdom,GBR,Harrogate,-1.5391039,53.9921491,3,expert
481,jezcope,United Kingdom,GBR,Harrogate,-1.5391039,53.9921491,3,mentor
482,jezcope,United Kingdom,GBR,Harrogate,-1.5391039,53.9921491,5,expert
483,jezcope,United Kingdom,GBR,Harrogate,-1.5391039,53.9921491,6,expert
484,jformoso,Argentina,ARG,Ciudad Autónoma De Buenos Aires,-58.4370894,-34.6075682,7,participant
485,jhon-anderson-pérez-silva,Peru,PER,Lima,-77.0365256,-12.0621065,5,participant
486,jmmaok,United States,USA,"Cary, Nc",-78.7812081,35.7882893,3,participant
487,jmmaok,United States,USA,"Cary, Nc",-78.7812081,35.7882893,4,expert
488,jmmaok,United States,USA,"Cary, Nc",-78.7812081,35.7882893,7,participant
489,joel-hancock,Austria,AUT,,,,2,participant
490,joelfan,Italy,ITA,Milan,9.1896346,45.4641943,6,participant
491,joelostblom,Canada,CAN,Vancouver,-123.113952,49.2608724,1,expert
492,joelostblom,Canada,CAN,Vancouver,-123.113952,49.2608724,3,expert
493,johanssen-obanda,Kenya,KEN,Kisumu,34.7541761,-0.1029109,7,mentor
494,johav,Germany,DEU,Berlin,13.3888599,52.5170365,3,expert
495,jonny-heath,United Kingdom,GBR,Brighton,-0.1400561,50.8214626,3,expert
496,joshsimmons,United States,USA,,,,1,speaker
497,joyceykao,Germany,DEU,Aachen,6.083862,50.776351,2,participant
498,joyceykao,Germany,DEU,Aachen,6.083862,50.776351,3,expert
499,joyceykao,Germany,DEU,Aachen,6.083862,50.776351,3,mentor
500,joyceykao,Germany,DEU,Aachen,6.083862,50.776351,4,expert
501,joyceykao,Germany,DEU,Aachen,6.083862,50.776351,5,expert
502,joyceykao,Germany,DEU,Aachen,6.083862,50.776351,6,expert
503,joyceykao,Germany,DEU,Aachen,6.083862,50.776351,6,mentor
504,joyceykao,Germany,DEU,Aachen,6.083862,50.776351,7,mentor
505,jruizperez,United States,USA,College Station,-96.3071042,30.5955289,5,participant
506,jsheunis,Germany,DEU,Juelich,6.3611015,50.9220931,5,expert
507,jsheunis,Germany,DEU,Juelich,6.3611015,50.9220931,5,mentor
508,juanjo-garcía-granero,Spain,ESP,Barcelona,2.1774322,41.3828939,3,participant
509,juanjo-garcía-granero,Spain,ESP,Barcelona,2.1774322,41.3828939,5,participant
510,jvillcavillegas,Bolivia,,Bolivia,-64.9912286,-17.0568696,5,participant
511,jyoti-bhogal,India,IND,"Ahmednagar, Maharashtra",74.85802430085195,19.162772500000003,5,participant
512,jywarren,United States,USA,"Providence, RI",-71.4128343,41.8239891,6,speaker
513,k-c-martin,South Africa,ZAF,Stellenbosch,18.869167,-33.934444,5,participant
514,k-c-martin,South Africa,ZAF,Stellenbosch,18.869167,-33.934444,6,mentor
515,k8hertweck,United States,USA,"Seattle, Wa",-122.330062,47.6038321,4,expert
516,karegapauline,Kenya,KEN,Nairobi,36.8172449,-1.2832533,2,participant
517,karegapauline,Kenya,KEN,Nairobi,36.8172449,-1.2832533,6,facilitator
518,karegapauline,Kenya,KEN,Nairobi,36.8172449,-1.2832533,6,participant
519,karegapauline,Kenya,KEN,Nairobi,36.8172449,-1.2832533,7,mentor
520,kariljordan,United States,USA,,,,1,expert
521,kariljordan,United States,USA,,,,2,expert
522,karinlag,Norway,NOR,,,,1,speaker
523,karvovskaya,Netherlands,NLD,Amsterdam,4.8924534,52.3730796,1,participant
524,karvovskaya,Netherlands,NLD,Amsterdam,4.8924534,52.3730796,2,expert
525,karvovskaya,Netherlands,NLD,Amsterdam,4.8924534,52.3730796,2,mentor
526,karvovskaya,Netherlands,NLD,Amsterdam,4.8924534,52.3730796,3,expert
527,karvovskaya,Netherlands,NLD,Amsterdam,4.8924534,52.3730796,4,expert
528,karvovskaya,Netherlands,NLD,Amsterdam,4.8924534,52.3730796,4,mentor
529,karvovskaya,Netherlands,NLD,Amsterdam,4.8924534,52.3730796,5,expert
530,karvovskaya,Netherlands,NLD,Amsterdam,4.8924534,52.3730796,5,mentor
531,karvovskaya,Netherlands,NLD,Amsterdam,4.8924534,52.3730796,6,expert
532,karvovskaya,Netherlands,NLD,Amsterdam,4.8924534,52.3730796,6,mentor
533,karvovskaya,Netherlands,NLD,Amsterdam,4.8924534,52.3730796,7,mentor
534,katesimpson,United Kingdom,GBR,London/ Great Union Canal/ Leeds,,,2,participant
535,katesimpson,United Kingdom,GBR,London/ Great Union Canal/ Leeds,,,3,expert
536,katesimpson,United Kingdom,GBR,London/ Great Union Canal/ Leeds,,,3,mentor
537,katesimpson,United Kingdom,GBR,London/ Great Union Canal/ Leeds,,,4,mentor
538,katoss,France,FRA,Paris,2.3483915,48.8534951,2,participant
539,katoss,France,FRA,Paris,2.3483915,48.8534951,3,participant
540,katoss,France,FRA,Paris,2.3483915,48.8534951,4,expert
541,katrinleinweber,Germany,DEU,,,,1,expert
542,katrinleinweber,Germany,DEU,,,,1,mentor
543,kaythaney,United States,USA,,,,4,speaker
544,kenmurithi,Kenya,KEN,Chogoria,37.631994,-0.228851,6,participant
545,kevinxufs,United Kingdom,GBR,,,,2,participant
546,khanteymoori,Germany,DEU,Freiburg,7.8494005,47.9960901,3,participant
547,kipkurui,Kenya,KEN,,,,1,expert
548,kipkurui,Kenya,KEN,,,,1,mentor
549,kipkurui,Kenya,KEN,,,,1,speaker
550,kipkurui,Kenya,KEN,,,,2,expert
551,kipkurui,Kenya,KEN,,,,2,mentor
552,kipkurui,Kenya,KEN,,,,2,mentor
553,kipkurui,Kenya,KEN,,,,5,mentor
554,kipkurui,Kenya,KEN,,,,6,expert
555,kipkurui,Kenya,KEN,,,,6,mentor
556,kipkurui,Kenya,KEN,,,,7,mentor
557,kiragu-mwaura,Kenya,KEN,,,,1,participant
558,kiri93,Switzerland,CHE,,,,2,participant
559,kirstiejane,United Kingdom,GBR,,,,1,expert
560,kirstiejane,United Kingdom,GBR,,,,1,speaker
561,kirstiejane,United Kingdom,GBR,,,,2,expert
562,klauer2207,United Kingdom,GBR,Cambridge,0.1186637,52.2055314,2,expert
563,klauer2207,United Kingdom,GBR,Cambridge,0.1186637,52.2055314,2,mentor
564,klauer2207,United Kingdom,GBR,Cambridge,0.1186637,52.2055314,5,expert
565,klauer2207,United Kingdom,GBR,Cambridge,0.1186637,52.2055314,5,mentor
566,kmexter,Belgium,BEL,Oostende,2.919496,51.2258565,3,expert
567,koerding,United States,USA,Philadelphia,-75.1635262,39.9527237,6,expert
568,kon0925,Greece,GRC,Heraklion,25.1332843,35.33908,3,participant
569,koudyk,Canada,CAN,,,,2,participant
570,kristinariemer,United States,USA,,,,1,participant
571,kswhitney,United States,USA,Rochester,-77.615214,43.157285,1,expert
572,kswhitney,United States,USA,Rochester,-77.615214,43.157285,3,expert
573,kswhitney,United States,USA,Rochester,-77.615214,43.157285,4,expert
574,lalmehlisy,Saudi Arabia,SAU,Riyadh,46.7160104,24.638916,4,participant
575,landimi2,Kenya,KEN,Nairobi,36.8172449,-1.2832533,1,participant
576,landimi2,Kenya,KEN,Nairobi,36.8172449,-1.2832533,3,mentor
577,landimi2,Kenya,KEN,Nairobi,36.8172449,-1.2832533,4,facilitator
578,landimi2,Kenya,KEN,Nairobi,36.8172449,-1.2832533,5,facilitator
579,landimi2,Kenya,KEN,Nairobi,36.8172449,-1.2832533,6,mentor
580,landimi2,Kenya,KEN,Nairobi,36.8172449,-1.2832533,7,mentor
581,landimi2,Kenya,KEN,Nairobi,36.8172449,-1.2832533,7,mentor
582,lauracarter,United Kingdom,GBR,London,-0.12765,51.5073359,2,participant
583,lauracarter,United Kingdom,GBR,London,-0.12765,51.5073359,3,expert
584,lauracarter,United Kingdom,GBR,London,-0.12765,51.5073359,3,mentor
585,lauracarter,United Kingdom,GBR,London,-0.12765,51.5073359,4,expert
586,lauracarter,United Kingdom,GBR,London,-0.12765,51.5073359,5,expert
587,lauracarter,United Kingdom,GBR,London,-0.12765,51.5073359,6,expert
588,lauracarter,United Kingdom,GBR,London,-0.12765,51.5073359,7,expert
589,lauracion,Argentina,ARG,Ciudad Autónoma De Buenos Aires,-58.4370894,-34.6075682,2,expert
590,lauracion,Argentina,ARG,Ciudad Autónoma De Buenos Aires,-58.4370894,-34.6075682,2,speaker
591,lauracion,Argentina,ARG,Ciudad Autónoma De Buenos Aires,-58.4370894,-34.6075682,3,expert
592,lauracion,Argentina,ARG,Ciudad Autónoma De Buenos Aires,-58.4370894,-34.6075682,3,mentor
593,lauracion,Argentina,ARG,Ciudad Autónoma De Buenos Aires,-58.4370894,-34.6075682,5,participant
594,laurah-nyasita-ondari,Kenya,KEN,Nairobi,36.8172449,-1.2832533,7,facilitator
595,laurichi13,Spain,ESP,,,,2,participant
596,lazycipher,India,IND,,,,1,participant
597,lenny-teytelman,,,,,,3,speaker
598,lessa-tchohou-fabrice,Cameroon,CMR,Centre,1.7324062,47.5490251,7,participant
599,lilian9,Kenya,KEN,,,,1,participant
600,lilian9,Kenya,KEN,,,,2,mentor
601,lisanna,Germany,DEU,Heidelberg,8.694724,49.4093582,4,participant
602,lisanna,Germany,DEU,Heidelberg,8.694724,49.4093582,5,mentor
603,lisanna,Germany,DEU,Heidelberg,8.694724,49.4093582,6,mentor
604,lomaxboydphd,United States,USA,New York,-74.0060152,40.7127281,3,participant
605,loubez,South Africa,ZAF,Cape Town,18.417396,-33.928992,3,expert
606,loubez,South Africa,ZAF,Cape Town,18.417396,-33.928992,3,mentor
607,lpantano,Spain,ESP,,,,2,mentor
608,luispedro,China,CHN,Shanghai,121.4691024,31.2323437,1,expert
609,luispedro,China,CHN,Shanghai,121.4691024,31.2323437,1,mentor
610,luispedro,China,CHN,Shanghai,121.4691024,31.2323437,2,expert
611,luispedro,China,CHN,Shanghai,121.4691024,31.2323437,2,mentor
612,luispedro,China,CHN,Shanghai,121.4691024,31.2323437,5,expert
613,luispedro,China,CHN,Shanghai,121.4691024,31.2323437,5,mentor
614,luispedro,China,CHN,Shanghai,121.4691024,31.2323437,6,speaker
615,lukehare,United Kingdom,GBR,London,-0.12765,51.5073359,4,participant
616,lukehare,United Kingdom,GBR,London,-0.12765,51.5073359,5,participant
617,lwbwalma,Netherlands,NLD,Delft,4.362724538543995,51.999457199999995,5,participant
618,lwinfree,United States,USA,Austin,-97.7436995,30.2711286,1,speaker
619,lwinfree,United States,USA,Austin,-97.7436995,30.2711286,2,expert
620,lwinfree,United States,USA,Austin,-97.7436995,30.2711286,2,speaker
621,lwinfree,United States,USA,Austin,-97.7436995,30.2711286,4,expert
622,lwinfree,United States,USA,Austin,-97.7436995,30.2711286,4,mentor
623,lwinfree,United States,USA,Austin,-97.7436995,30.2711286,5,speaker
624,lwinfree,United States,USA,Austin,-97.7436995,30.2711286,6,expert
625,lydiafrance,United Kingdom,GBR,London,-0.12765,51.5073359,4,participant
626,lydiafrance,United Kingdom,GBR,London,-0.12765,51.5073359,5,participant
627,macziatko,Ireland,IRL,Dublin,-6.2602964,53.3498006,6,participant
628,macziatko,Ireland,IRL,Dublin,-6.2602964,53.3498006,7,facilitator
629,macziatko,Ireland,IRL,Dublin,-6.2602964,53.3498006,7,mentor
630,magicmilly,United States,USA,,,,1,participant
631,mai-alajaji,Saudi Arabia,SAU,Riyadh,46.7160104,24.638916,4,participant
632,malloryfreeberg,United Kingdom,GBR,Cambridge,0.1186637,52.2055314,2,mentor
633,malloryfreeberg,United Kingdom,GBR,Cambridge,0.1186637,52.2055314,3,mentor
634,malloryfreeberg,United Kingdom,GBR,Cambridge,0.1186637,52.2055314,6,expert
635,malloryfreeberg,United Kingdom,GBR,Cambridge,0.1186637,52.2055314,6,mentor
636,malloryfreeberg,United Kingdom,GBR,Cambridge,0.1186637,52.2055314,6,speaker
637,malvikasharan,United Kingdom,GBR,London,-0.12765,51.5073359,1,organizer
638,malvikasharan,United Kingdom,GBR,London,-0.12765,51.5073359,1,mentor
639,malvikasharan,United Kingdom,GBR,London,-0.12765,51.5073359,1,mentor
640,malvikasharan,United Kingdom,GBR,London,-0.12765,51.5073359,1,mentor
641,malvikasharan,United Kingdom,GBR,London,-0.12765,51.5073359,1,speaker
642,malvikasharan,United Kingdom,GBR,London,-0.12765,51.5073359,1,speaker
643,malvikasharan,United Kingdom,GBR,London,-0.12765,51.5073359,2,expert
644,malvikasharan,United Kingdom,GBR,London,-0.12765,51.5073359,2,organizer
645,malvikasharan,United Kingdom,GBR,London,-0.12765,51.5073359,2,mentor
646,malvikasharan,United Kingdom,GBR,London,-0.12765,51.5073359,2,mentor
647,malvikasharan,United Kingdom,GBR,London,-0.12765,51.5073359,2,speaker
648,malvikasharan,United Kingdom,GBR,London,-0.12765,51.5073359,3,expert
649,malvikasharan,United Kingdom,GBR,London,-0.12765,51.5073359,3,organizer
650,malvikasharan,United Kingdom,GBR,London,-0.12765,51.5073359,3,mentor
651,malvikasharan,United Kingdom,GBR,London,-0.12765,51.5073359,3,mentor
652,malvikasharan,United Kingdom,GBR,London,-0.12765,51.5073359,3,mentor
653,malvikasharan,United Kingdom,GBR,London,-0.12765,51.5073359,3,speaker
654,malvikasharan,United Kingdom,GBR,London,-0.12765,51.5073359,3,speaker
655,malvikasharan,United Kingdom,GBR,London,-0.12765,51.5073359,3,speaker
656,malvikasharan,United Kingdom,GBR,London,-0.12765,51.5073359,4,organizer
657,malvikasharan,United Kingdom,GBR,London,-0.12765,51.5073359,4,speaker
658,malvikasharan,United Kingdom,GBR,London,-0.12765,51.5073359,5,organizer
659,malvikasharan,United Kingdom,GBR,London,-0.12765,51.5073359,5,participant
660,malvikasharan,United Kingdom,GBR,London,-0.12765,51.5073359,5,mentor
661,malvikasharan,United Kingdom,GBR,London,-0.12765,51.5073359,5,mentor
662,malvikasharan,United Kingdom,GBR,London,-0.12765,51.5073359,5,mentor
663,malvikasharan,United Kingdom,GBR,London,-0.12765,51.5073359,5,speaker
664,malvikasharan,United Kingdom,GBR,London,-0.12765,51.5073359,6,organizer
665,malvikasharan,United Kingdom,GBR,London,-0.12765,51.5073359,6,mentor
666,malvikasharan,United Kingdom,GBR,London,-0.12765,51.5073359,6,speaker
667,malvikasharan,United Kingdom,GBR,London,-0.12765,51.5073359,7,organizer
668,malvikasharan,United Kingdom,GBR,London,-0.12765,51.5073359,7,mentor
669,malvikasharan,United Kingdom,GBR,London,-0.12765,51.5073359,7,speaker
670,manulera,France,FRA,Paris,2.3483915,48.8534951,4,facilitator
671,manulera,France,FRA,Paris,2.3483915,48.8534951,4,participant
672,manulera,France,FRA,Paris,2.3483915,48.8534951,5,facilitator
673,marco-madella,Spain,ESP,Barcelona,2.1774322,41.3828939,3,participant
674,marcoanteghini,Germany,DEU,Berlin,13.3888599,52.5170365,6,speaker
675,marcotxma,Germany,DEU,Munich,11.5753822,48.1371079,7,participant
676,maria-andrea-gonzales-castillo,Peru,PER,Lima,-77.0365256,-12.0621065,5,participant
677,maria-clara-heringer-lourenço,,,,,,7,participant
678,mariangelap,Italy,ITA,Genova,8.9338624,44.40726,5,participant
679,marie-nugent,United Kingdom,GBR,London,-0.12765,51.5073359,6,participant
680,marielaraj,Argentina,ARG,,,,7,participant
681,marimeireles,Germany,DEU,Berlin,13.3888599,52.5170365,6,expert
682,marimeireles,Germany,DEU,Berlin,13.3888599,52.5170365,6,mentor
683,markuskonk,Netherlands,NLD,Enschede,6.8940537,52.2209855,4,expert
684,marta-lloret-llinares,United Kingdom,GBR,Cambridge,0.1186637,52.2055314,3,expert
685,marta-marin,Spain,ESP,Madrid,-3.7035825,40.4167047,3,participant
686,martenson,Czechia,CZE,,,,2,expert
687,martinagvilas,Germany,DEU,Frankfurt Am Main,8.6820917,50.1106444,2,expert
688,martinagvilas,Germany,DEU,Frankfurt Am Main,8.6820917,50.1106444,2,mentor
689,martinagvilas,Germany,DEU,Frankfurt Am Main,8.6820917,50.1106444,3,expert
690,martinagvilas,Germany,DEU,Frankfurt Am Main,8.6820917,50.1106444,3,participant
691,martlj,United Kingdom,GBR,London,-0.12765,51.5073359,4,mentor
692,martlj,United Kingdom,GBR,London,-0.12765,51.5073359,6,expert
693,marzia-di-filippo,Italy,ITA,Milano,9.1896346,45.4641943,3,participant
694,masako-kaufmann,Germany,DEU,Freiburg,7.8494005,47.9960901,3,participant
695,matouse,United Kingdom,GBR,London,-0.12765,51.5073359,6,expert
696,matuskalas,Norway,NOR,,,,1,participant
697,mblue9,Australia,AUS,,,,2,expert
698,meagdoh,United States,USA,Washington,-77.0365427,38.8950368,2,expert
699,meagdoh,United States,USA,Washington,-77.0365427,38.8950368,2,mentor
700,meagdoh,United States,USA,Washington,-77.0365427,38.8950368,3,expert
701,meagdoh,United States,USA,Washington,-77.0365427,38.8950368,3,mentor
702,meagdoh,United States,USA,Washington,-77.0365427,38.8950368,4,expert
703,meagdoh,United States,USA,Washington,-77.0365427,38.8950368,4,mentor
704,meagdoh,United States,USA,Washington,-77.0365427,38.8950368,5,mentor
705,megan-lisa-stock,,,,,,6,participant
706,megmugure,Kenya,KEN,Nairobi,36.8172449,-1.2832533,1,participant
707,megmugure,Kenya,KEN,Nairobi,36.8172449,-1.2832533,3,expert
708,mehak-chopra,India,IND,Puducherry,79.80694879844232,10.91564885,3,participant
709,melibleq,Brazil,BRA,São Paulo,-46.6333824,-23.5506507,6,expert
710,melibleq,Brazil,BRA,São Paulo,-46.6333824,-23.5506507,6,speaker
711,melibleq,Brazil,BRA,São Paulo,-46.6333824,-23.5506507,7,facilitator
712,melibleq,Brazil,BRA,São Paulo,-46.6333824,-23.5506507,7,mentor
713,merrcury,India,IND,Kurukshetra,76.8482787,29.9693747,4,expert
714,mesfind,Ethiopia,ETH,,,,2,mentor
715,mgawe-cavin,Kenya,KEN,"Nairobi, Kenya",36.8172449,-1.2832533,5,participant
716,mgawe-cavin,Kenya,KEN,"Nairobi, Kenya",36.8172449,-1.2832533,6,facilitator
717,michael-addy,Ghana,GHA,Kumasi,-1.6233086,6.6985605,4,participant
718,michael-addy,Ghana,GHA,Kumasi,-1.6233086,6.6985605,5,mentor
719,michal-javornik,Czechia,CZE,Brno,16.6113382,49.1922443,3,participant
720,michal-ruzicka,Czechia,CZE,Brno,16.6113382,49.1922443,3,participant
721,miguel-silan,France,FRA,Metro Manila / Grenoble,,,7,expert
722,mihaelanemes,United Kingdom,GBR,London,-0.12765,51.5073359,3,participant
723,miketrizna,United States,USA,"Washington, Dc",-77.0365427,38.8950368,7,participant
724,milagros-miceli,Germany,DEU,Berlin,13.3888599,52.5170365,7,mentor
725,mishrose123,United Kingdom,GBR,Cambridge,0.1186637,52.2055314,3,expert
726,mkuzak,Netherlands,NLD,,,,1,expert
727,mkuzak,Netherlands,NLD,,,,1,mentor
728,mkuzak,Netherlands,NLD,,,,1,speaker
729,mkuzak,Netherlands,NLD,,,,2,expert
730,mkuzak,Netherlands,NLD,,,,2,speaker
731,mlagisz,Australia,AUS,Sydney,151.2082848,-33.8698439,6,participant
732,mloning,United Kingdom,GBR,,,,2,mentor
733,mloning,United Kingdom,GBR,,,,2,participant
734,moengels,,,,,,6,participant
735,mohan-gupta,Nepal,NPL,Kathmandu,85.3205817,27.708317,3,participant
736,morphofun,United States,USA,,,,1,participant
737,mruizvelley,Germany,DEU,,,,1,expert
738,msundukova,Spain,ESP,Bilbao,-2.9350039,43.2630018,3,facilitator
739,msundukova,Spain,ESP,Bilbao,-2.9350039,43.2630018,4,facilitator
740,msundukova,Spain,ESP,Bilbao,-2.9350039,43.2630018,5,expert
741,msundukova,Spain,ESP,Bilbao,-2.9350039,43.2630018,5,facilitator
742,msundukova,Spain,ESP,Bilbao,-2.9350039,43.2630018,5,mentor
743,msundukova,Spain,ESP,Bilbao,-2.9350039,43.2630018,6,expert
744,msundukova,Spain,ESP,Bilbao,-2.9350039,43.2630018,6,facilitator
745,msundukova,Spain,ESP,Bilbao,-2.9350039,43.2630018,6,mentor
746,msundukova,Spain,ESP,Bilbao,-2.9350039,43.2630018,6,participant
747,muhammetcelik,Turkey,TUR,,,,2,participant
748,muhammetcelik,Turkey,TUR,,,,3,participant
749,muhammetcelik,Turkey,TUR,,,,5,mentor
750,mvdbeek,France,FRA,,,,1,expert
751,mxrtinez,Colombia,COL,Bucaramanga,-73.1180151,7.1246909,3,participant
752,mxrtinez,Colombia,COL,Bucaramanga,-73.1180151,7.1246909,4,expert
753,mxrtinez,Colombia,COL,Bucaramanga,-73.1180151,7.1246909,4,mentor
754,mxrtinez,Colombia,COL,Bucaramanga,-73.1180151,7.1246909,5,mentor
755,mxrtinez,Colombia,COL,Bucaramanga,-73.1180151,7.1246909,6,expert
756,mxrtinez,Colombia,COL,Bucaramanga,-73.1180151,7.1246909,6,speaker
757,mxrtinez,Colombia,COL,Bucaramanga,-73.1180151,7.1246909,7,mentor
758,mxrtinez,Colombia,COL,Bucaramanga,-73.1180151,7.1246909,7,participant
759,myreille-larouche,Canada,CAN,,,,2,participant
760,nadia-odaliz-chamana-chura,Peru,PER,Lima,-77.0365256,-12.0621065,5,participant
761,nadinespy,United Kingdom,GBR,Brighton,-0.1400561,50.8214626,4,participant
762,nadinespy,United Kingdom,GBR,Brighton,-0.1400561,50.8214626,6,expert
763,nadinespy,United Kingdom,GBR,Brighton,-0.1400561,50.8214626,6,mentor
764,nahuele,Argentina,ARG,Vicente Lopez,-58.5036282,-34.5244484,7,participant
765,naralb,Brazil,BRA,,,,1,participant
766,natalie-banner,United Kingdom,GBR,London,-0.12765,51.5073359,6,mentor
767,natasha_wood,South Africa,ZAF,Cape Town,18.417396,-33.928992,2,speaker
768,nathanael-kedmayla,Cameroon,CMR,Yaounde,11.5213344,3.8689867,7,participant
769,natty2012,Kenya,KEN,,,,2,participant
770,nea-bridget,United Kingdom,GBR,London,-0.12765,51.5073359,5,participant
771,nehamoopen,Netherlands,NLD,,,,2,participant
772,nelson-franco,Bolivia,,Cochabamba,-66.16756808852,-17.401245799999998,5,participant
773,nerantzis,Greece,GRC,,,,1,expert
774,nerantzis,Greece,GRC,,,,2,expert
775,nick-barlow,United Kingdom,GBR,,,,4,speaker
776,nickynicolson,United Kingdom,GBR,London,-0.12765,51.5073359,6,participant
777,nihansultan,Turkey,TUR,İstanbul,28.9662187,41.0091982,3,participant
778,nihansultan,Turkey,TUR,İstanbul,28.9662187,41.0091982,5,participant
779,nilabha1512,,,,,,6,participant
780,nina-roux,,,,,,6,participant
781,nodiraibrogimova,Uzbekistan,UZB,Tashkent,69.2787079,41.3123363,5,participant
782,nomadscientist,United Kingdom,GBR,Cambridge,0.1186637,52.2055314,3,expert
783,nomalu,South Africa,ZAF,Pretoria,28.1879101,-25.7459277,6,participant
784,npalopoli,Argentina,ARG,Bernal,-58.2977925,-34.716571,2,expert
785,npalopoli,Argentina,ARG,Bernal,-58.2977925,-34.716571,3,expert
786,npch,,,,,,3,speaker
787,npdebs,Nigeria,NGA,Port Harcourt.,7.0188527,4.7676576,7,participant
788,npscience,United Kingdom,GBR,,,,1,expert
789,npscience,United Kingdom,GBR,,,,1,mentor
790,npscience,United Kingdom,GBR,,,,2,expert
791,npscience,United Kingdom,GBR,,,,2,mentor
792,npscience,United Kingdom,GBR,,,,4,expert
793,nsoranzo,United Kingdom,GBR,,,,1,expert
794,nyasita,Kenya,KEN,Nairobi,36.8172449,-1.2832533,6,participant
795,nyasita,Kenya,KEN,Nairobi,36.8172449,-1.2832533,7,mentor
796,olayile,South Africa,ZAF,Pretoria,28.1879101,-25.7459277,3,participant
797,olsjuju,South Korea,,Seoul,126.9782914,37.5666791,5,participant
798,olsjuju,South Korea,,Seoul,126.9782914,37.5666791,6,mentor
799,orchid00,Australia,AUS,,,,1,expert
800,orchid00,Australia,AUS,,,,2,expert
801,orchid00,Australia,AUS,,,,2,speaker
802,osatashamim,Kenya,KEN,Nairobi,36.8172449,-1.2832533,6,participant
803,paolo-pedaletti,Italy,ITA,Milano,9.1896346,45.4641943,3,participant
804,patriloto,Argentina,ARG,Resistencia - Chaco,-58.9865196,-27.4511235,7,participant
805,paulineligonie,Canada,CAN,,,,2,participant
806,paulowoicho,Nigeria,NGA,,,,2,participant
807,paulvill,France,FRA,,,,2,expert
808,pazbc,Argentina,ARG,,,,5,organizer
809,pazbc,Argentina,ARG,,,,6,organizer
810,pazbc,Argentina,ARG,,,,6,speaker
811,pazbc,Argentina,ARG,,,,7,organizer
812,pazbc,Argentina,ARG,,,,7,speaker
813,peranti,France,FRA,Paris,2.3483915,48.8534951,7,facilitator
814,pescini,Italy,ITA,Milan,9.1896346,45.4641943,3,participant
815,pescini,Italy,ITA,Milan,9.1896346,45.4641943,4,mentor
816,petraag,Cameroon,CMR,Bamenda,10.1516505,5.9614117,7,participant
817,phaarouknucleus,Nigeria,NGA,Kano,8.5364136,11.8948389,7,facilitator
818,pherterich,United Kingdom,GBR,Edinburgh,-3.1883749,55.9533456,1,expert
819,pherterich,United Kingdom,GBR,Edinburgh,-3.1883749,55.9533456,1,mentor
820,pherterich,United Kingdom,GBR,Edinburgh,-3.1883749,55.9533456,1,mentor
821,pherterich,United Kingdom,GBR,Edinburgh,-3.1883749,55.9533456,2,expert
822,pherterich,United Kingdom,GBR,Edinburgh,-3.1883749,55.9533456,2,mentor
823,pherterich,United Kingdom,GBR,Edinburgh,-3.1883749,55.9533456,5,expert
824,pherterich,United Kingdom,GBR,Edinburgh,-3.1883749,55.9533456,5,mentor
825,pherterich,United Kingdom,GBR,Edinburgh,-3.1883749,55.9533456,6,expert
826,pherterich,United Kingdom,GBR,Edinburgh,-3.1883749,55.9533456,7,mentor
827,piero-beraun,Peru,PER,Lima,-77.0365256,-12.0621065,5,participant
828,pinheirochagas,United States,USA,San Francisco,-122.419906,37.7790262,5,participant
829,pivg,United Kingdom,GBR,Cambridge,0.1186637,52.2055314,2,mentor
830,pivg,United Kingdom,GBR,Cambridge,0.1186637,52.2055314,3,expert
831,pivg,United Kingdom,GBR,Cambridge,0.1186637,52.2055314,3,mentor
832,pivg,United Kingdom,GBR,Cambridge,0.1186637,52.2055314,6,speaker
833,pol-arranz-gibert,,,,,,6,participant
834,pradeep-eranti,France,FRA,,,,2,participant
835,prakriti-karki,Nepal,NPL,Kathmandu,85.3205817,27.708317,3,participant
836,prashbio,India,IND,Jaipur,75.8189817,26.9154576,3,expert
837,prashbio,India,IND,Jaipur,75.8189817,26.9154576,3,participant
838,prashbio,India,IND,Jaipur,75.8189817,26.9154576,3,mentor
839,princehoodie,Argentina,ARG,Buenos Aires,-58.4370894,-34.6075682,4,participant
840,proccaserra,United Kingdom,GBR,Oxford,-1.2578499,51.7520131,2,speaker
841,proccaserra,United Kingdom,GBR,Oxford,-1.2578499,51.7520131,3,expert
842,proccaserra,United Kingdom,GBR,Oxford,-1.2578499,51.7520131,5,speaker
843,profgiuseppe,Italy,ITA,Bologna,11.3426327,44.4938203,1,expert
844,profgiuseppe,Italy,ITA,Bologna,11.3426327,44.4938203,2,expert
845,profgiuseppe,Italy,ITA,Bologna,11.3426327,44.4938203,3,expert
846,profgiuseppe,Italy,ITA,Bologna,11.3426327,44.4938203,4,expert
847,profgiuseppe,Italy,ITA,Bologna,11.3426327,44.4938203,6,expert
848,pvanheus,South Africa,ZAF,,,,2,participant
849,pvanheus,South Africa,ZAF,,,,6,participant
850,r-huo,Netherlands,NLD,Delft,4.362724538543995,51.999457199999995,6,participant
851,rainsworth,United Kingdom,GBR,Manchester,-2.2451148,53.4794892,1,expert
852,rainsworth,United Kingdom,GBR,Manchester,-2.2451148,53.4794892,2,expert
853,rainsworth,United Kingdom,GBR,Manchester,-2.2451148,53.4794892,2,speaker
854,rainsworth,United Kingdom,GBR,Manchester,-2.2451148,53.4794892,3,expert
855,raoofphysics,United Kingdom,GBR,Bristol,-2.5972985,51.4538022,5,participant
856,raphaels1,United Kingdom,GBR,London,-0.12765,51.5073359,5,expert
857,rgaiacs,Brazil,BRA,,,,2,expert
858,rgaiacs,Brazil,BRA,,,,2,mentor
859,rgaiacs,Brazil,BRA,,,,5,speaker
860,rhoné-roux,,,,,,6,participant
861,richarddushime,Uganda,UGA,Kampala,32.5813539,0.3177137,7,participant
862,rivaquiroga,Chile,CHL,,,,7,mentor
863,robandeep-kaur,India,IND,Jalandhar,75.56805772253911,31.29201065,3,participant
864,robert-schreiber,South Africa,ZAF,Hermanus,19.2361111,-34.4175,5,participant
865,robin-lewando,Ireland,IRL,Drimoleague,-9.2599704,51.6608501,3,participant
866,rodrigocam,Brazil,BRA,,,,1,mentor
867,romullo-lima,Brazil,BRA,Rio De Janeiro,-43.2093727,-22.9110137,6,participant
868,rossmounce,United Kingdom,GBR,,,,2,expert
869,rowland-mosbergen,Australia,AUS,,,,3,speaker
870,rowland-mosbergen,Australia,AUS,,,,5,speaker
871,rowland-mosbergen,Australia,AUS,,,,7,mentor
872,rukynas,Portugal,PRT,Porto,-8.6107884,41.1494512,3,participant
873,rushda-patel,India,IND,,,,6,participant
874,sairajdillikar,India,IND,Mysore,76.6553609,12.3051828,5,participant
875,samguay,Canada,CAN,,,,1,participant
876,samguay,Canada,CAN,,,,2,mentor
877,samuelorion,Canada,CAN,,,,2,participant
878,samvanstroud,United Kingdom,GBR,London,-0.12765,51.5073359,2,participant
879,samvanstroud,United Kingdom,GBR,London,-0.12765,51.5073359,3,expert
880,samvanstroud,United Kingdom,GBR,London,-0.12765,51.5073359,4,speaker
881,sandra-larriega,Peru,PER,Ñima,86.6931042,32.537561,5,participant
882,sandrine-kengne,Cameroon,CMR,Yaounde,11.5213344,3.8689867,7,participant
883,santi-rello-varona,Spain,ESP,Madrid,-3.7035825,40.4167047,3,participant
884,santosrac,Brazil,BRA,Piracicaba,-47.6493269,-22.725165,2,expert
885,santosrac,Brazil,BRA,Piracicaba,-47.6493269,-22.725165,5,expert
886,sapetti9,Italy,ITA,Bologna,11.3426327,44.4938203,6,expert
887,sapetti9,Italy,ITA,Bologna,11.3426327,44.4938203,6,speaker
888,sarah-nietopski,United Kingdom,GBR,London,-0.12765,51.5073359,5,participant
889,saranjeetkaur,India,IND,Pune,73.8544541,18.521428,4,participant
890,saranjeetkaur,India,IND,Pune,73.8544541,18.521428,6,participant
891,saranjeetkaur,India,IND,Pune,73.8544541,18.521428,7,mentor
892,saravilla,United Kingdom,GBR,London,-0.12765,51.5073359,4,participant
893,saravilla,United Kingdom,GBR,London,-0.12765,51.5073359,5,mentor
894,saravilla,United Kingdom,GBR,London,-0.12765,51.5073359,6,expert
895,saravilla,United Kingdom,GBR,London,-0.12765,51.5073359,6,mentor
896,saravilla,United Kingdom,GBR,London,-0.12765,51.5073359,7,mentor
897,sarenaz,Kazakhstan,KAZ,Astana (Nursultan),71.4306682,51.1282205,5,participant
898,saryace,Chile,CHL,Santiago,-83.7980749,9.8694792,7,participant
899,satagopam7,Luxembourg,LUX,,,,1,expert
900,sayalaruano,Netherlands,NLD,Maastricht,5.6969881818221095,50.85798545,4,participant
901,sayalaruano,Netherlands,NLD,Maastricht,5.6969881818221095,50.85798545,5,mentor
902,sayalaruano,Netherlands,NLD,Maastricht,5.6969881818221095,50.85798545,6,expert
903,sayalaruano,Netherlands,NLD,Maastricht,5.6969881818221095,50.85798545,6,speaker
904,sayalaruano,Netherlands,NLD,Maastricht,5.6969881818221095,50.85798545,7,mentor
905,sdopoku,Ghana,GHA,,,,2,expert
906,sdopoku,Ghana,GHA,,,,2,mentor
907,sdopoku,Ghana,GHA,,,,2,speaker
908,sebastianeggert,Germany,DEU,,,,2,participant
909,selgebali,Sweden,SWE,Gothenburg,11.9670171,57.7072326,4,expert
910,selgebali,Sweden,SWE,Gothenburg,11.9670171,57.7072326,4,speaker
911,selgebali,Sweden,SWE,Gothenburg,11.9670171,57.7072326,5,expert
912,selgebali,Sweden,SWE,Gothenburg,11.9670171,57.7072326,5,mentor
913,selgebali,Sweden,SWE,Gothenburg,11.9670171,57.7072326,6,expert
914,selgebali,Sweden,SWE,Gothenburg,11.9670171,57.7072326,6,mentor
915,serahrono,Estonia,EST,Tallinn,24.7453688,59.4372155,3,expert
916,seunolufemi123,Nigeria,NGA,Ogbomoso,4.25,8.133,7,participant
917,sgibson91,United Kingdom,GBR,London,-0.12765,51.5073359,2,expert
918,sgibson91,United Kingdom,GBR,London,-0.12765,51.5073359,2,mentor
919,sgibson91,United Kingdom,GBR,London,-0.12765,51.5073359,3,expert
920,sgibson91,United Kingdom,GBR,London,-0.12765,51.5073359,3,participant
921,sgibson91,United Kingdom,GBR,London,-0.12765,51.5073359,3,mentor
922,sgsfak,,,,,,3,participant
923,shmuhammad2004,Nigeria,NGA,Kano,8.5364136,11.8948389,3,participant
924,sithyphus,United States,USA,,,,1,participant
925,sivasubramanian-murugappan,Ireland,IRL,Limerick,-8.6301239,52.661252,7,participant
926,sjb287,United States,USA,Urbana,-88.207301,40.1117174,3,participant
927,sk-sahu,India,IND,,,,2,participant
928,sladjana-lukic,United States,USA,New York City,-74.0060152,40.7127281,5,participant
929,slldec,Argentina,ARG,Buenos Aires,-58.4370894,-34.6075682,5,participant
930,slldec,Argentina,ARG,Buenos Aires,-58.4370894,-34.6075682,7,facilitator
931,slldec,Argentina,ARG,Buenos Aires,-58.4370894,-34.6075682,7,mentor
932,smhall97,United Kingdom,GBR,Oxford,-1.2578499,51.7520131,6,mentor
933,smhall97,United Kingdom,GBR,Oxford,-1.2578499,51.7520131,7,participant
934,smklusza,United States,USA,Morrow,-82.7771661,40.4574358,2,participant
935,smklusza,United States,USA,Morrow,-82.7771661,40.4574358,3,expert
936,smklusza,United States,USA,Morrow,-82.7771661,40.4574358,3,mentor
937,smklusza,United States,USA,Morrow,-82.7771661,40.4574358,4,expert
938,smklusza,United States,USA,Morrow,-82.7771661,40.4574358,5,mentor
939,sofia-kirke-forslund,Germany,DEU,Berlin,13.3888599,52.5170365,2,expert
940,sonibk,Kenya,KEN,,,,2,participant
941,spitschan,Germany,DEU,Munich,11.5753822,48.1371079,3,participant
942,spitschan,Germany,DEU,Munich,11.5753822,48.1371079,7,participant
943,stefan-gaillard,Netherlands,NLD,,,,2,participant
944,stefaniebutland,Canada,CAN,Kamloops,-120.339415,50.6758269,3,expert
945,stefaniebutland,Canada,CAN,Kamloops,-120.339415,50.6758269,5,expert
946,sudarshangc,Nepal,NPL,,,,1,participant
947,susana465,United Kingdom,GBR,,,,6,participant
948,tai-rocha,Brazil,BRA,Rio De Janeiro,-43.2093727,-22.9110137,2,participant
949,tai-rocha,Brazil,BRA,Rio De Janeiro,-43.2093727,-22.9110137,3,expert
950,tallmar,,,,,,6,expert
951,teresa-cisneros,United Kingdom,GBR,London,-0.12765,51.5073359,5,expert
952,teresa-m,Germany,DEU,Freiburg,7.8494005,47.9960901,3,participant
953,thatspacegirl,India,IND,Bengaluru,77.590082,12.9767936,4,participant
954,thatspacegirl,India,IND,Bengaluru,77.590082,12.9767936,5,participant
955,thessaly,United Kingdom,GBR,Bristol,-2.5972985,51.4538022,1,speaker
956,thessaly,United Kingdom,GBR,Bristol,-2.5972985,51.4538022,2,expert
957,thessaly,United Kingdom,GBR,Bristol,-2.5972985,51.4538022,2,speaker
958,thessaly,United Kingdom,GBR,Bristol,-2.5972985,51.4538022,3,expert
959,thessaly,United Kingdom,GBR,Bristol,-2.5972985,51.4538022,4,expert
960,tklingstrom,Sweden,SWE,,,,2,expert
961,tlaguna,Spain,ESP,Madrid,-3.7035825,40.4167047,2,participant
962,tlaguna,Spain,ESP,Madrid,-3.7035825,40.4167047,3,mentor
963,tnabtaf,United States,USA,,,,2,expert
964,tnabtaf,United States,USA,,,,2,mentor
965,tnabtaf,United States,USA,,,,4,expert
966,tnabtaf,United States,USA,,,,4,mentor
967,tobyhodges,Germany,DEU,Heidelberg,8.694724,49.4093582,1,mentor
968,tobyhodges,Germany,DEU,Heidelberg,8.694724,49.4093582,2,expert
969,tobyhodges,Germany,DEU,Heidelberg,8.694724,49.4093582,3,expert
970,tobyhodges,Germany,DEU,Heidelberg,8.694724,49.4093582,3,mentor
971,tobyhodges,Germany,DEU,Heidelberg,8.694724,49.4093582,3,mentor
972,tobyhodges,Germany,DEU,Heidelberg,8.694724,49.4093582,6,expert
973,trallard,United Kingdom,GBR,Manchester,-2.2451148,53.4794892,2,speaker
974,tsonika,Australia,AUS,Melbourne,144.9631608,-37.8142176,2,expert
975,tsonika,Australia,AUS,Melbourne,144.9631608,-37.8142176,2,mentor
976,tsonika,Australia,AUS,Melbourne,144.9631608,-37.8142176,3,expert
977,tsonika,Australia,AUS,Melbourne,144.9631608,-37.8142176,3,mentor
978,ujwal-shrestha,Nepal,NPL,Kathmandu,85.3205817,27.708317,3,participant
979,umar-farouk-ahmad,,,,,,6,participant
980,umutpajaro,Colombia,COL,Cartagena,-0.9841152,37.6019353,7,participant
981,unode,Germany,DEU,Heidelberg,8.694724,49.4093582,1,expert
982,unode,Germany,DEU,Heidelberg,8.694724,49.4093582,1,mentor
983,unode,Germany,DEU,Heidelberg,8.694724,49.4093582,1,participant
984,unode,Germany,DEU,Heidelberg,8.694724,49.4093582,2,expert
985,unode,Germany,DEU,Heidelberg,8.694724,49.4093582,2,mentor
986,unode,Germany,DEU,Heidelberg,8.694724,49.4093582,2,speaker
987,unode,Germany,DEU,Heidelberg,8.694724,49.4093582,3,expert
988,unode,Germany,DEU,Heidelberg,8.694724,49.4093582,3,mentor
989,unode,Germany,DEU,Heidelberg,8.694724,49.4093582,3,mentor
990,unode,Germany,DEU,Heidelberg,8.694724,49.4093582,3,speaker
991,unode,Germany,DEU,Heidelberg,8.694724,49.4093582,4,expert
992,unode,Germany,DEU,Heidelberg,8.694724,49.4093582,4,mentor
993,unode,Germany,DEU,Heidelberg,8.694724,49.4093582,5,mentor
994,usmood,,,,,,6,participant
995,valerie-parent,Canada,CAN,,,,2,participant
996,varlottaang,Italy,ITA,Rionero In Vulture,15.6694407,40.9261881,7,participant
997,vborghe,Canada,CAN,Montréal,-73.5698065,45.5031824,5,participant
998,vcheplygina,Netherlands,NLD,,,,2,expert
999,veroxgithub,Argentina,ARG,Avellaneda,-58.3628061,-34.6648394,5,participant
1000,vhellon,United Kingdom,GBR,London,-0.12765,51.5073359,5,participant
1001,vickygisel,Argentina,ARG,Oro Verde,-64.29891743033643,-31.132197599999998,5,participant
1002,vickynembaware,South Africa,ZAF,,,,1,expert
1003,vickynembaware,South Africa,ZAF,,,,1,mentor
1004,vickynembaware,South Africa,ZAF,,,,2,expert
1005,wasifarahman,Bangladesh,BGD,,,,2,participant
1006,wykhuh,United States,USA,Los Angeles,-118.242766,34.0536909,4,participant
1007,yanick-diapa-nana,Cameroon,CMR,Yaoundé,11.5213344,3.8689867,7,participant
1008,yochannah,United Kingdom,GBR,,,,1,organizer
1009,yochannah,United Kingdom,GBR,,,,1,mentor
1010,yochannah,United Kingdom,GBR,,,,1,speaker
1011,yochannah,United Kingdom,GBR,,,,1,speaker
1012,yochannah,United Kingdom,GBR,,,,2,expert
1013,yochannah,United Kingdom,GBR,,,,2,organizer
1014,yochannah,United Kingdom,GBR,,,,2,mentor
1015,yochannah,United Kingdom,GBR,,,,2,mentor
1016,yochannah,United Kingdom,GBR,,,,2,speaker
1017,yochannah,United Kingdom,GBR,,,,3,expert
1018,yochannah,United Kingdom,GBR,,,,3,organizer
1019,yochannah,United Kingdom,GBR,,,,3,mentor
1020,yochannah,United Kingdom,GBR,,,,3,mentor
1021,yochannah,United Kingdom,GBR,,,,3,mentor
1022,yochannah,United Kingdom,GBR,,,,3,speaker
1023,yochannah,United Kingdom,GBR,,,,3,speaker
1024,yochannah,United Kingdom,GBR,,,,3,speaker
1025,yochannah,United Kingdom,GBR,,,,4,organizer
1026,yochannah,United Kingdom,GBR,,,,4,mentor
1027,yochannah,United Kingdom,GBR,,,,4,speaker
1028,yochannah,United Kingdom,GBR,,,,4,speaker
1029,yochannah,United Kingdom,GBR,,,,5,organizer
1030,yochannah,United Kingdom,GBR,,,,5,mentor
1031,yochannah,United Kingdom,GBR,,,,5,mentor
1032,yochannah,United Kingdom,GBR,,,,5,speaker
1033,yochannah,United Kingdom,GBR,,,,6,organizer
1034,yochannah,United Kingdom,GBR,,,,6,mentor
1035,yochannah,United Kingdom,GBR,,,,6,speaker
1036,yochannah,United Kingdom,GBR,,,,6,speaker
1037,yochannah,United Kingdom,GBR,,,,6,speaker
1038,yochannah,United Kingdom,GBR,,,,6,speaker
1039,yochannah,United Kingdom,GBR,,,,7,organizer
1040,yochannah,United Kingdom,GBR,,,,7,mentor
1041,yochannah,United Kingdom,GBR,,,,7,mentor
1042,yochannah,United Kingdom,GBR,,,,7,speaker
1043,yvanlebras,France,FRA,Concarneau,-3.9223889,47.8757017,2,expert
1044,yvanlebras,France,FRA,Concarneau,-3.9223889,47.8757017,2,mentor
1045,yvanlebras,France,FRA,Concarneau,-3.9223889,47.8757017,2,mentor
1046,yvanlebras,France,FRA,Concarneau,-3.9223889,47.8757017,3,expert
1047,yvanlebras,France,FRA,Concarneau,-3.9223889,47.8757017,3,mentor
1048,yvanlebras,France,FRA,Concarneau,-3.9223889,47.8757017,4,mentor
1049,yvanlebras,France,FRA,Concarneau,-3.9223889,47.8757017,4,speaker
1050,zdunseth,United States,USA,Providence,-71.4128343,41.8239891,5,participant
1051,zebetus,United Kingdom,GBR,,,,1,mentor
1052,zebetus,United Kingdom,GBR,,,,2,expert
1053,zenita-milla-luthfiya,Indonesia,IDN,Solo,110.828448,-7.5692489,3,participant
